[{"pos_x": 123.1, "pos_y": -85.4, "rotation": -90.0, "side": "top", "designator": "H2", "mpn": null, "pack": "MountingHole", "value": "MountingHole_Pad", "mount_type": "tht", "place": false}, {"pos_x": 83.3, "pos_y": -85.4, "rotation": -90.0, "side": "top", "designator": "H3", "mpn": null, "pack": "MountingHole", "value": "MountingHole_Pad", "mount_type": "tht", "place": false}, {"pos_x": 103.2, "pos_y": -85.4, "rotation": 180.0, "side": "top", "designator": "J3", "mpn": null, "pack": "Battery Pads", "value": "Battery Pads", "mount_type": "smt", "place": false}, {"pos_x": 84.177987, "pos_y": -55.915124, "rotation": -90.0, "side": "top", "designator": "J2", "mpn": null, "pack": "SAMTEC-FTS-107-01-X-DV-A", "value": "FTS-107-01-X-DV-A", "mount_type": "tht", "place": true}, {"pos_x": 119.1, "pos_y": -85.4, "rotation": 0.0, "side": "top", "designator": "REF**", "mpn": null, "pack": "Fiducial_1mm_Mask2mm", "value": "Fiducial_1mm_Mask2mm", "mount_type": "smt", "place": false}, {"pos_x": 103.9, "pos_y": -45.0, "rotation": 0.0, "side": "top", "designator": "Ref**", "mpn": null, "pack": "pycubed_mini_half", "value": "Val**", "mount_type": "tht", "place": false}, {"pos_x": 83.3, "pos_y": -45.6, "rotation": -90.0, "side": "top", "designator": "H4", "mpn": null, "pack": "MountingHole", "value": "MountingHole_Pad", "mount_type": "tht", "place": false}, {"pos_x": 123.1, "pos_y": -45.6, "rotation": -90.0, "side": "top", "designator": "H1", "mpn": null, "pack": "MountingHole", "value": "MountingHole_Pad", "mount_type": "tht", "place": false}, {"pos_x": 119.1, "pos_y": -45.6, "rotation": 0.0, "side": "top", "designator": "REF**", "mpn": null, "pack": "Fiducial_1mm_Mask2mm", "value": "Fiducial_1mm_Mask2mm", "mount_type": "smt", "place": false}, {"pos_x": 87.3, "pos_y": -45.6, "rotation": 0.0, "side": "top", "designator": "REF**", "mpn": null, "pack": "Fiducial_1mm_Mask2mm", "value": "Fiducial_1mm_Mask2mm", "mount_type": "smt", "place": false}, {"pos_x": 103.2, "pos_y": -85.4, "rotation": 180.0, "side": "bottom", "designator": "J4", "mpn": null, "pack": "Battery Pads", "value": "Battery Pads", "mount_type": "smt", "place": false}, {"pos_x": 87.3, "pos_y": -45.6, "rotation": 180.0, "side": "bottom", "designator": "REF**", "mpn": null, "pack": "Fiducial_1mm_Mask2mm", "value": "Fiducial_1mm_Mask2mm", "mount_type": "smt", "place": false}, {"pos_x": 84.177987, "pos_y": -55.915124, "rotation": -90.0, "side": "bottom", "designator": "J1", "mpn": null, "pack": "SAMTEC_FLE-107-01-X-DV-A", "value": "FLE-107-01-X-DV-A", "mount_type": "tht", "place": true}, {"pos_x": 119.1, "pos_y": -85.4, "rotation": 180.0, "side": "bottom", "designator": "REF**", "mpn": null, "pack": "Fiducial_1mm_Mask2mm", "value": "Fiducial_1mm_Mask2mm", "mount_type": "smt", "place": false}, {"pos_x": 119.1, "pos_y": -45.6, "rotation": 180.0, "side": "bottom", "designator": "REF**", "mpn": null, "pack": "Fiducial_1mm_Mask2mm", "value": "Fiducial_1mm_Mask2mm", "mount_type": "smt", "place": false}]