[{"pos_x": 126.82, "pos_y": -82.9, "rotation": 180.0, "side": "top", "designator": "R96", "mpn": null, "pack": "R_0603_1608Metric", "value": "1K", "mount_type": "smt", "place": true}, {"pos_x": 126.0, "pos_y": -70.74, "rotation": 180.0, "side": "top", "designator": "Q20", "mpn": null, "pack": "SOT-23-6", "value": "SQ3495EV-T1", "mount_type": "smt", "place": true}, {"pos_x": 99.05, "pos_y": -69.82, "rotation": 90.0, "side": "top", "designator": "R15", "mpn": null, "pack": "R_0603_1608Metric", "value": "1K", "mount_type": "smt", "place": true}, {"pos_x": 95.22, "pos_y": -69.1, "rotation": 0.0, "side": "top", "designator": "R36", "mpn": null, "pack": "R_0603_1608Metric", "value": "100K", "mount_type": "smt", "place": true}, {"pos_x": 94.93, "pos_y": -81.064, "rotation": 90.0, "side": "top", "designator": "Q4", "mpn": null, "pack": "SOT-363_SC-70-6", "value": "MBT2222ADW1T1", "mount_type": "smt", "place": true}, {"pos_x": 95.615, "pos_y": -73.65, "rotation": 0.0, "side": "top", "designator": "U11", "mpn": null, "pack": "HVSON-8-1EP_4x4mm_P0.8mm_EP2.2x3.1mm", "value": "PCF8523TK", "mount_type": "smt", "place": true}, {"pos_x": 112.71, "pos_y": -66.01, "rotation": 180.0, "side": "top", "designator": "R81", "mpn": null, "pack": "R_0603_1608Metric", "value": "10K", "mount_type": "smt", "place": true}, {"pos_x": 120.82, "pos_y": -69.71, "rotation": -90.0, "side": "top", "designator": "R88", "mpn": null, "pack": "R_0603_1608Metric", "value": "DNI (0R)", "mount_type": "smt", "place": true}, {"pos_x": 91.9718, "pos_y": -67.8744, "rotation": 180.0, "side": "top", "designator": "C28", "mpn": null, "pack": "C_0603_1608Metric", "value": "10nF", "mount_type": "smt", "place": true}, {"pos_x": 109.7, "pos_y": -55.9392, "rotation": 180.0, "side": "top", "designator": "C8", "mpn": null, "pack": "C_0603_1608Metric", "value": "10uF", "mount_type": "smt", "place": true}, {"pos_x": 125.65, "pos_y": -77.8, "rotation": 90.0, "side": "top", "designator": "J7", "mpn": null, "pack": "SAMTEC_CLP-105-02-X-DH-A", "value": "CLP-105-02-X-DH-A", "mount_type": "tht", "place": true}, {"pos_x": 94.03, "pos_y": -54.94, "rotation": 180.0, "side": "top", "designator": "R12", "mpn": null, "pack": "R_0603_1608Metric", "value": "1K", "mount_type": "smt", "place": true}, {"pos_x": 93.29, "pos_y": -49.83, "rotation": -90.0, "side": "top", "designator": "J1", "mpn": null, "pack": "PinHeader_2x05_P1.27mm_Vertical_SMD", "value": "Conn 02x05 1.27mm", "mount_type": "smt", "place": true}, {"pos_x": 116.3575, "pos_y": -61.44, "rotation": 0.0, "side": "top", "designator": "R18", "mpn": null, "pack": "R_0603_1608Metric", "value": "10K", "mount_type": "smt", "place": true}, {"pos_x": 112.71, "pos_y": -67.47, "rotation": 0.0, "side": "top", "designator": "C5", "mpn": null, "pack": "C_0603_1608Metric", "value": "0.1uF", "mount_type": "smt", "place": true}, {"pos_x": 98.2568, "pos_y": -64.5136, "rotation": 180.0, "side": "top", "designator": "R1", "mpn": null, "pack": "R_0603_1608Metric", "value": "100K", "mount_type": "smt", "place": true}, {"pos_x": 116.4925, "pos_y": -58.15, "rotation": 0.0, "side": "top", "designator": "U10", "mpn": null, "pack": "SOT-23-6", "value": "USBLC6-2SC6", "mount_type": "smt", "place": true}, {"pos_x": 99.5, "pos_y": -85.49, "rotation": -90.0, "side": "top", "designator": "R32", "mpn": null, "pack": "R_0603_1608Metric", "value": "0R", "mount_type": "smt", "place": true}, {"pos_x": 91.96, "pos_y": -61.85, "rotation": 180.0, "side": "top", "designator": "R35", "mpn": null, "pack": "R_0603_1608Metric", "value": "680R", "mount_type": "smt", "place": true}, {"pos_x": 107.97, "pos_y": -72.93, "rotation": -90.0, "side": "top", "designator": "R84", "mpn": null, "pack": "R_0603_1608Metric", "value": "0R", "mount_type": "smt", "place": true}, {"pos_x": 111.95, "pos_y": -51.25, "rotation": -90.0, "side": "top", "designator": "R11", "mpn": null, "pack": "R_0603_1608Metric", "value": "100K", "mount_type": "smt", "place": true}, {"pos_x": 105.0, "pos_y": -87.135, "rotation": 0.0, "side": "top", "designator": "D1", "mpn": null, "pack": "SK6812-SIDE", "value": "SK6812-SIDE", "mount_type": "smt", "place": true}, {"pos_x": 120.025, "pos_y": -58.9, "rotation": 180.0, "side": "top", "designator": "R29", "mpn": null, "pack": "R_0603_1608Metric", "value": "22R", "mount_type": "smt", "place": true}, {"pos_x": 112.7, "pos_y": -55.94, "rotation": 0.0, "side": "top", "designator": "C4", "mpn": null, "pack": "C_0603_1608Metric", "value": "0.1uF", "mount_type": "smt", "place": true}, {"pos_x": 116.36265, "pos_y": -65.22, "rotation": -90.0, "side": "top", "designator": "U12", "mpn": null, "pack": "BNO085", "value": "BNO085", "mount_type": "tht", "place": true}, {"pos_x": 107.95, "pos_y": -78.58, "rotation": -90.0, "side": "top", "designator": "C22", "mpn": null, "pack": "C_0603_1608Metric", "value": "1uF", "mount_type": "smt", "place": true}, {"pos_x": 126.85, "pos_y": -58.35, "rotation": 90.0, "side": "top", "designator": "J4", "mpn": null, "pack": "USB_C_Receptacle_HRO_TYPE-C-31-M-12", "value": "USB_C_Receptacle_USB2.0", "mount_type": "smt", "place": true}, {"pos_x": 108.21, "pos_y": -69.795, "rotation": 90.0, "side": "top", "designator": "R9", "mpn": null, "pack": "R_0603_1608Metric", "value": "10K", "mount_type": "smt", "place": true}, {"pos_x": 115.54, "pos_y": -79.01, "rotation": 180.0, "side": "top", "designator": "J3", "mpn": null, "pack": "microSD_104031-0811", "value": "Micro_SD_Card", "mount_type": "smt", "place": true}, {"pos_x": 91.9668, "pos_y": -63.3622, "rotation": 0.0, "side": "top", "designator": "R37", "mpn": null, "pack": "R_0603_1608Metric", "value": "10K", "mount_type": "smt", "place": true}, {"pos_x": 120.025, "pos_y": -55.9, "rotation": 180.0, "side": "top", "designator": "R25", "mpn": null, "pack": "R_0603_1608Metric", "value": "5.1K", "mount_type": "smt", "place": true}, {"pos_x": 105.2226, "pos_y": -69.7944, "rotation": -90.0, "side": "top", "designator": "R5", "mpn": null, "pack": "R_0603_1608Metric", "value": "10K", "mount_type": "smt", "place": true}, {"pos_x": 106.7466, "pos_y": -69.7944, "rotation": -90.0, "side": "top", "designator": "R6", "mpn": null, "pack": "R_0603_1608Metric", "value": "10K", "mount_type": "smt", "place": true}, {"pos_x": 97.14, "pos_y": -80.96, "rotation": 90.0, "side": "top", "designator": "R40", "mpn": null, "pack": "R_0603_1608Metric", "value": "680R", "mount_type": "smt", "place": true}, {"pos_x": 91.97, "pos_y": -69.37, "rotation": 0.0, "side": "top", "designator": "R33", "mpn": null, "pack": "R_0603_1608Metric", "value": "DNI (0R)", "mount_type": "smt", "place": true}, {"pos_x": 96.0476, "pos_y": -77.888, "rotation": -90.0, "side": "top", "designator": "R42", "mpn": null, "pack": "R_0603_1608Metric", "value": "10K", "mount_type": "smt", "place": true}, {"pos_x": 112.7, "pos_y": -61.22, "rotation": 0.0, "side": "top", "designator": "R17", "mpn": null, "pack": "R_0603_1608Metric", "value": "10K", "mount_type": "smt", "place": true}, {"pos_x": 100.6, "pos_y": -69.81, "rotation": 90.0, "side": "top", "designator": "C17", "mpn": null, "pack": "C_0603_1608Metric", "value": "10uF", "mount_type": "smt", "place": true}, {"pos_x": 123.86, "pos_y": -82.91, "rotation": 0.0, "side": "top", "designator": "R97", "mpn": null, "pack": "R_0603_1608Metric", "value": "1K", "mount_type": "smt", "place": true}, {"pos_x": 116.5, "pos_y": -47.25, "rotation": 180.0, "side": "top", "designator": "J9", "mpn": null, "pack": "SAMTEC_CLP-105-02-X-DH-A", "value": "CLP-105-02-X-DH-A", "mount_type": "tht", "place": true}, {"pos_x": 109.7, "pos_y": -54.4152, "rotation": 0.0, "side": "top", "designator": "C9", "mpn": null, "pack": "C_0603_1608Metric", "value": "1uF", "mount_type": "smt", "place": true}, {"pos_x": 115.78, "pos_y": -76.59, "rotation": 0.0, "side": "top", "designator": "Ref**", "mpn": null, "pack": "pycubed_mini_half", "value": "Val**", "mount_type": "tht", "place": false}, {"pos_x": 106.6, "pos_y": -47.7488, "rotation": 0.0, "side": "top", "designator": "SW1", "mpn": null, "pack": "SMT_1045822_WRE", "value": "434331045822", "mount_type": "smt", "place": true}, {"pos_x": 94.4982, "pos_y": -77.889, "rotation": -90.0, "side": "top", "designator": "R43", "mpn": null, "pack": "R_0603_1608Metric", "value": "10K", "mount_type": "smt", "place": true}, {"pos_x": 112.7, "pos_y": -62.68, "rotation": 180.0, "side": "top", "designator": "C21", "mpn": null, "pack": "C_0603_1608Metric", "value": "0.1uF", "mount_type": "smt", "place": true}, {"pos_x": 117.9, "pos_y": -69.725, "rotation": 90.0, "side": "top", "designator": "R82", "mpn": null, "pack": "R_0603_1608Metric", "value": "10K", "mount_type": "smt", "place": true}, {"pos_x": 89.9, "pos_y": -87.0, "rotation": 0.0, "side": "top", "designator": "REF**", "mpn": null, "pack": "Fiducial_1mm_Mask2mm", "value": "Fiducial_1mm_Mask2mm", "mount_type": "smt", "place": false}, {"pos_x": 101.7375, "pos_y": -81.65, "rotation": 0.0, "side": "top", "designator": "Q19", "mpn": null, "pack": "SOT-23", "value": "MMBT2907", "mount_type": "smt", "place": true}, {"pos_x": 98.6425, "pos_y": -60.4875, "rotation": -90.0, "side": "top", "designator": "C7", "mpn": null, "pack": "C_0603_1608Metric", "value": "4pF", "mount_type": "smt", "place": true}, {"pos_x": 112.7, "pos_y": -64.14, "rotation": 180.0, "side": "top", "designator": "C36", "mpn": null, "pack": "C_0603_1608Metric", "value": "0.1uF", "mount_type": "smt", "place": true}, {"pos_x": 98.2568, "pos_y": -62.74, "rotation": 180.0, "side": "top", "designator": "C2", "mpn": null, "pack": "C_0603_1608Metric", "value": "0.1uF", "mount_type": "smt", "place": true}, {"pos_x": 95.0968, "pos_y": -64.0522, "rotation": 180.0, "side": "top", "designator": "Q2", "mpn": null, "pack": "SOT-363_SC-70-6", "value": "MBT2222ADW1T1", "mount_type": "smt", "place": true}, {"pos_x": 107.26, "pos_y": -54.9375, "rotation": -90.0, "side": "top", "designator": "L1", "mpn": null, "pack": "L_0805_2012Metric", "value": "10uH", "mount_type": "smt", "place": true}, {"pos_x": 86.63, "pos_y": -70.615, "rotation": 90.0, "side": "top", "designator": "J6", "mpn": null, "pack": "SAMTEC_TFM-110-12-X-D-A", "value": "TFM-110-12-X-D-A", "mount_type": "tht", "place": true}, {"pos_x": 103.7, "pos_y": -69.7944, "rotation": -90.0, "side": "top", "designator": "C1", "mpn": null, "pack": "C_0603_1608Metric", "value": "0.1uF", "mount_type": "smt", "place": true}, {"pos_x": 109.7, "pos_y": -52.0, "rotation": 0.0, "side": "top", "designator": "R100", "mpn": null, "pack": "R_0603_1608Metric", "value": "200K", "mount_type": "smt", "place": true}, {"pos_x": 104.39, "pos_y": -83.32, "rotation": 90.0, "side": "top", "designator": "R98", "mpn": null, "pack": "R_0603_1608Metric", "value": "DNI (0R)", "mount_type": "smt", "place": true}, {"pos_x": 120.015, "pos_y": -52.97, "rotation": 0.0, "side": "top", "designator": "R27", "mpn": null, "pack": "R_0603_1608Metric", "value": "100K", "mount_type": "smt", "place": true}, {"pos_x": 111.2, "pos_y": -47.7, "rotation": 90.0, "side": "top", "designator": "C11", "mpn": null, "pack": "C_0603_1608Metric", "value": "1uF", "mount_type": "smt", "place": true}, {"pos_x": 123.12, "pos_y": -72.2225, "rotation": -90.0, "side": "top", "designator": "C12", "mpn": null, "pack": "C_0603_1608Metric", "value": "1uF", "mount_type": "smt", "place": true}, {"pos_x": 99.69, "pos_y": -49.95, "rotation": 90.0, "side": "top", "designator": "U2", "mpn": null, "pack": "SOIC-8_3.9x4.9mm_P1.27mm", "value": "MAX706RESA+", "mount_type": "smt", "place": true}, {"pos_x": 92.0852, "pos_y": -81.064, "rotation": 90.0, "side": "top", "designator": "Q3", "mpn": null, "pack": "SOT-363_SC-70-6", "value": "NX3008NBKS", "mount_type": "smt", "place": true}, {"pos_x": 105.14, "pos_y": -80.74, "rotation": 0.0, "side": "top", "designator": "R95", "mpn": null, "pack": "R_0603_1608Metric", "value": "4.7K", "mount_type": "smt", "place": true}, {"pos_x": 114.98, "pos_y": -69.725, "rotation": -90.0, "side": "top", "designator": "R87", "mpn": null, "pack": "R_0603_1608Metric", "value": "1K", "mount_type": "smt", "place": true}, {"pos_x": 102.74, "pos_y": -55.2, "rotation": 90.0, "side": "top", "designator": "R8", "mpn": null, "pack": "R_0603_1608Metric", "value": "10K", "mount_type": "smt", "place": true}, {"pos_x": 89.76, "pos_y": -55.62, "rotation": 90.0, "side": "top", "designator": "R31", "mpn": null, "pack": "R_0603_1608Metric", "value": "0R", "mount_type": "smt", "place": true}, {"pos_x": 110.87, "pos_y": -70.37, "rotation": 0.0, "side": "top", "designator": "Q17", "mpn": null, "pack": "SOT-23", "value": "MMBT2907", "mount_type": "smt", "place": true}, {"pos_x": 85.95, "pos_y": -56.4, "rotation": -90.0, "side": "top", "designator": "J8", "mpn": null, "pack": "SAMTEC_CLP-105-02-X-DH-A", "value": "CLP-105-02-X-DH-A", "mount_type": "tht", "place": true}, {"pos_x": 125.700465, "pos_y": -87.000155, "rotation": 0.0, "side": "top", "designator": "H2", "mpn": null, "pack": "MountingHole", "value": "MountingHole_Pad", "mount_type": "tht", "place": false}, {"pos_x": 116.44, "pos_y": -69.725, "rotation": 90.0, "side": "top", "designator": "R83", "mpn": null, "pack": "R_0603_1608Metric", "value": "10K", "mount_type": "smt", "place": true}, {"pos_x": 98.6425, "pos_y": -57.4875, "rotation": -90.0, "side": "top", "designator": "C6", "mpn": null, "pack": "C_0603_1608Metric", "value": "4pF", "mount_type": "smt", "place": true}, {"pos_x": 120.015, "pos_y": -54.44, "rotation": 180.0, "side": "top", "designator": "R26", "mpn": null, "pack": "R_0603_1608Metric", "value": "0R", "mount_type": "smt", "place": true}, {"pos_x": 102.175, "pos_y": -84.08, "rotation": 0.0, "side": "top", "designator": "R94", "mpn": null, "pack": "R_0603_1608Metric", "value": "0R", "mount_type": "smt", "place": true}, {"pos_x": 85.900445, "pos_y": -87.000155, "rotation": 0.0, "side": "top", "designator": "H3", "mpn": null, "pack": "MountingHole", "value": "MountingHole_Pad", "mount_type": "tht", "place": false}, {"pos_x": 119.36, "pos_y": -69.725, "rotation": -90.0, "side": "top", "designator": "R86", "mpn": null, "pack": "R_0603_1608Metric", "value": "1K", "mount_type": "smt", "place": true}, {"pos_x": 106.2482, "pos_y": -83.312, "rotation": 90.0, "side": "top", "designator": "R19", "mpn": null, "pack": "R_0603_1608Metric", "value": "10K", "mount_type": "smt", "place": true}, {"pos_x": 95.0968, "pos_y": -66.897, "rotation": 180.0, "side": "top", "designator": "Q1", "mpn": null, "pack": "SOT-363_SC-70-6", "value": "NX3008NBKS", "mount_type": "smt", "place": true}, {"pos_x": 113.52, "pos_y": -69.725, "rotation": 90.0, "side": "top", "designator": "R85", "mpn": null, "pack": "R_0603_1608Metric", "value": "4.7K", "mount_type": "smt", "place": true}, {"pos_x": 104.21, "pos_y": -55.2, "rotation": 90.0, "side": "top", "designator": "R7", "mpn": null, "pack": "R_0603_1608Metric", "value": "10K", "mount_type": "smt", "place": true}, {"pos_x": 98.2568, "pos_y": -67.54, "rotation": 180.0, "side": "top", "designator": "C10", "mpn": null, "pack": "C_0603_1608Metric", "value": "0.1uF", "mount_type": "smt", "place": true}, {"pos_x": 103.6, "pos_y": -51.5, "rotation": -90.0, "side": "top", "designator": "R13", "mpn": null, "pack": "R_0603_1608Metric", "value": "0R", "mount_type": "smt", "place": true}, {"pos_x": 93.325, "pos_y": -58.975, "rotation": 0.0, "side": "top", "designator": "REF**", "mpn": null, "pack": "Fiducial_1mm_Mask2mm", "value": "Fiducial_1mm_Mask2mm", "mount_type": "smt", "place": false}, {"pos_x": 106.3, "pos_y": -51.475, "rotation": 180.0, "side": "top", "designator": "Q21", "mpn": null, "pack": "SOT-23", "value": "IRLML2803", "mount_type": "smt", "place": true}, {"pos_x": 97.593, "pos_y": -77.8852, "rotation": -90.0, "side": "top", "designator": "R34", "mpn": null, "pack": "R_0603_1608Metric", "value": "DNI (0R)", "mount_type": "smt", "place": true}, {"pos_x": 105.5, "pos_y": -62.5, "rotation": 0.0, "side": "top", "designator": "U1", "mpn": null, "pack": "QFN-64-1EP_9x9mm_P0.5mm_EP4.7x4.7mm", "value": "ATSAMD51J19A-M", "mount_type": "smt", "place": true}, {"pos_x": 120.025, "pos_y": -57.4, "rotation": 0.0, "side": "top", "designator": "R28", "mpn": null, "pack": "R_0603_1608Metric", "value": "22R", "mount_type": "smt", "place": true}, {"pos_x": 91.675, "pos_y": -72.87, "rotation": -90.0, "side": "top", "designator": "Y2", "mpn": null, "pack": "Crystal_SMD_MicroCrystal_CC7V-T1A-2Pin_3.2x1.5mm", "value": "32.768kHz/7pF", "mount_type": "smt", "place": true}, {"pos_x": 100.2, "pos_y": -54.45, "rotation": 0.0, "side": "top", "designator": "C13", "mpn": null, "pack": "C_0603_1608Metric", "value": "0.1uF", "mount_type": "smt", "place": true}, {"pos_x": 120.025, "pos_y": -60.4, "rotation": 180.0, "side": "top", "designator": "R24", "mpn": null, "pack": "R_0603_1608Metric", "value": "5.1K", "mount_type": "smt", "place": true}, {"pos_x": 121.25, "pos_y": -64.215, "rotation": -90.0, "side": "top", "designator": "Y3", "mpn": null, "pack": "Crystal_SMD_MicroCrystal_CC7V-T1A-2Pin_3.2x1.5mm", "value": "32.768kHz/12.5pF", "mount_type": "smt", "place": true}, {"pos_x": 95.1, "pos_y": -86.95, "rotation": 0.0, "side": "top", "designator": "J10", "mpn": null, "pack": "SAMTEC_CLP-105-02-X-DH-A", "value": "CLP-105-02-X-DH-A", "mount_type": "tht", "place": true}, {"pos_x": 89.93, "pos_y": -82.84, "rotation": 90.0, "side": "top", "designator": "R41", "mpn": null, "pack": "R_0603_1608Metric", "value": "100K", "mount_type": "smt", "place": true}, {"pos_x": 115.92, "pos_y": -55.61, "rotation": 0.0, "side": "top", "designator": "C27", "mpn": null, "pack": "C_0603_1608Metric", "value": "0.1uF", "mount_type": "smt", "place": true}, {"pos_x": 91.4248, "pos_y": -77.889, "rotation": 90.0, "side": "top", "designator": "C29", "mpn": null, "pack": "C_0603_1608Metric", "value": "10nF", "mount_type": "smt", "place": true}, {"pos_x": 119.32, "pos_y": -65.74, "rotation": -90.0, "side": "top", "designator": "C38", "mpn": null, "pack": "C_0603_1608Metric", "value": "22pF", "mount_type": "smt", "place": true}, {"pos_x": 97.51, "pos_y": -69.83, "rotation": -90.0, "side": "top", "designator": "C18", "mpn": null, "pack": "C_0603_1608Metric", "value": "10uF", "mount_type": "smt", "place": true}, {"pos_x": 121.7, "pos_y": -47.2, "rotation": 0.0, "side": "top", "designator": "REF**", "mpn": null, "pack": "Fiducial_1mm_Mask2mm", "value": "Fiducial_1mm_Mask2mm", "mount_type": "smt", "place": false}, {"pos_x": 85.900445, "pos_y": -47.199786, "rotation": 0.0, "side": "top", "designator": "H4", "mpn": null, "pack": "MountingHole", "value": "MountingHole_Pad", "mount_type": "tht", "place": false}, {"pos_x": 105.68, "pos_y": -55.2, "rotation": 90.0, "side": "top", "designator": "C3", "mpn": null, "pack": "C_0603_1608Metric", "value": "0.1uF", "mount_type": "smt", "place": true}, {"pos_x": 122.7, "pos_y": -68.5, "rotation": 90.0, "side": "top", "designator": "D2", "mpn": null, "pack": "D_SOD-123F", "value": "MBR1020VL-AU_R1", "mount_type": "smt", "place": true}, {"pos_x": 98.2568, "pos_y": -66.0376, "rotation": 0.0, "side": "top", "designator": "R2", "mpn": null, "pack": "R_0603_1608Metric", "value": "100K", "mount_type": "smt", "place": true}, {"pos_x": 109.7, "pos_y": -50.5, "rotation": 180.0, "side": "top", "designator": "R99", "mpn": null, "pack": "R_0603_1608Metric", "value": "DNI (0R)", "mount_type": "smt", "place": true}, {"pos_x": 125.425, "pos_y": -73.2, "rotation": 180.0, "side": "top", "designator": "C20", "mpn": null, "pack": "C_0603_1608Metric", "value": "1uF", "mount_type": "smt", "place": true}, {"pos_x": 125.700465, "pos_y": -47.199786, "rotation": 0.0, "side": "top", "designator": "H1", "mpn": null, "pack": "MountingHole", "value": "MountingHole_Pad", "mount_type": "tht", "place": false}, {"pos_x": 91.9668, "pos_y": -64.8608, "rotation": 0.0, "side": "top", "designator": "R38", "mpn": null, "pack": "R_0603_1608Metric", "value": "10K", "mount_type": "smt", "place": true}, {"pos_x": 102.46, "pos_y": -74.07, "rotation": 180.0, "side": "top", "designator": "U4", "mpn": null, "pack": "MR25H40DF", "value": "MR25H40", "mount_type": "smt", "place": true}, {"pos_x": 119.32, "pos_y": -62.735, "rotation": -90.0, "side": "top", "designator": "C37", "mpn": null, "pack": "C_0603_1608Metric", "value": "22pF", "mount_type": "smt", "place": true}, {"pos_x": 91.9718, "pos_y": -66.3758, "rotation": 0.0, "side": "top", "designator": "R39", "mpn": null, "pack": "R_0603_1608Metric", "value": "200K", "mount_type": "smt", "place": true}, {"pos_x": 126.0, "pos_y": -67.3, "rotation": 180.0, "side": "top", "designator": "U5", "mpn": null, "pack": "TSOT-23-6", "value": "LTC4412xS6", "mount_type": "smt", "place": true}, {"pos_x": 92.9488, "pos_y": -77.888, "rotation": -90.0, "side": "top", "designator": "R44", "mpn": null, "pack": "R_0603_1608Metric", "value": "200K", "mount_type": "smt", "place": true}, {"pos_x": 96.6757, "pos_y": -58.9875, "rotation": -90.0, "side": "top", "designator": "Y1", "mpn": null, "pack": "Crystal_SMD_MicroCrystal_CC7V-T1A-2Pin_3.2x1.5mm", "value": "32.768kHz/7pF", "mount_type": "smt", "place": true}, {"pos_x": 105.35, "pos_y": -78.53, "rotation": 90.0, "side": "top", "designator": "R16", "mpn": null, "pack": "R_0603_1608Metric", "value": "10K", "mount_type": "smt", "place": true}, {"pos_x": 100.36, "pos_y": -77.71, "rotation": 0.0, "side": "top", "designator": "C19", "mpn": null, "pack": "C_0603_1608Metric", "value": "0.1uF", "mount_type": "smt", "place": true}, {"pos_x": 103.2388, "pos_y": -80.0736, "rotation": 180.0, "side": "bottom", "designator": "R71", "mpn": null, "pack": "R_0603_1608Metric", "value": "680R", "mount_type": "smt", "place": true}, {"pos_x": 93.82, "pos_y": -60.8, "rotation": -90.0, "side": "bottom", "designator": "U8", "mpn": null, "pack": "VSON-10", "value": "DRV8830DRC", "mount_type": "smt", "place": true}, {"pos_x": 115.0, "pos_y": -68.145, "rotation": 90.0, "side": "bottom", "designator": "U6", "mpn": null, "pack": "RFM98PW", "value": "RFM98PW", "mount_type": "smt", "place": true}, {"pos_x": 125.88, "pos_y": -82.38, "rotation": 90.0, "side": "bottom", "designator": "R91", "mpn": null, "pack": "R_0603_1608Metric", "value": "1K", "mount_type": "smt", "place": true}, {"pos_x": 93.0894, "pos_y": -49.7202, "rotation": 0.0, "side": "bottom", "designator": "C31", "mpn": null, "pack": "C_0603_1608Metric", "value": "10nF", "mount_type": "smt", "place": true}, {"pos_x": 101.345, "pos_y": -84.795, "rotation": 180.0, "side": "bottom", "designator": "Q18", "mpn": null, "pack": "SOT-23", "value": "MMBT2907", "mount_type": "smt", "place": true}, {"pos_x": 97.94, "pos_y": -75.74, "rotation": 90.0, "side": "bottom", "designator": "R76", "mpn": null, "pack": "R_0603_1608Metric", "value": "680R", "mount_type": "smt", "place": true}, {"pos_x": 96.3, "pos_y": -68.43, "rotation": 0.0, "side": "bottom", "designator": "R63", "mpn": null, "pack": "R_0603_1608Metric", "value": "200K", "mount_type": "smt", "place": true}, {"pos_x": 95.48, "pos_y": -78.77, "rotation": 0.0, "side": "bottom", "designator": "R70", "mpn": null, "pack": "R_0603_1608Metric", "value": "DNI (0R)", "mount_type": "smt", "place": true}, {"pos_x": 100.17, "pos_y": -65.49, "rotation": 0.0, "side": "bottom", "designator": "R64", "mpn": null, "pack": "R_0603_1608Metric", "value": "680R", "mount_type": "smt", "place": true}, {"pos_x": 89.9, "pos_y": -87.0, "rotation": 180.0, "side": "bottom", "designator": "REF**", "mpn": null, "pack": "Fiducial_1mm_Mask2mm", "value": "Fiducial_1mm_Mask2mm", "mount_type": "smt", "place": false}, {"pos_x": 96.2908, "pos_y": -52.1586, "rotation": 180.0, "side": "bottom", "designator": "Q8", "mpn": null, "pack": "SOT-363_SC-70-6", "value": "MBT2222ADW1T1", "mount_type": "smt", "place": true}, {"pos_x": 86.63, "pos_y": -70.615, "rotation": -90.0, "side": "bottom", "designator": "J5", "mpn": null, "pack": "SAMTEC_SFC-110-T2-X-D-A", "value": "SFC-110-T2-X-D-A", "mount_type": "tht", "place": true}, {"pos_x": 100.225, "pos_y": -49.7202, "rotation": 180.0, "side": "bottom", "designator": "C30", "mpn": null, "pack": "C_0603_1608Metric", "value": "10nF", "mount_type": "smt", "place": true}, {"pos_x": 92.485, "pos_y": -58.13, "rotation": 0.0, "side": "bottom", "designator": "R21", "mpn": null, "pack": "R_0603_1608Metric", "value": "0R", "mount_type": "smt", "place": true}, {"pos_x": 95.6, "pos_y": -76.55, "rotation": 180.0, "side": "bottom", "designator": "Q16", "mpn": null, "pack": "SOT-363_SC-70-6", "value": "MBT2222ADW1T1", "mount_type": "smt", "place": true}, {"pos_x": 85.91, "pos_y": -61.55, "rotation": 180.0, "side": "bottom", "designator": "R30", "mpn": null, "pack": "R_0603_1608Metric", "value": "0R", "mount_type": "smt", "place": true}, {"pos_x": 103.37, "pos_y": -77.87, "rotation": 180.0, "side": "bottom", "designator": "Q14", "mpn": null, "pack": "SOT-363_SC-70-6", "value": "MBT2222ADW1T1", "mount_type": "smt", "place": true}, {"pos_x": 103.24, "pos_y": -54.45, "rotation": 180.0, "side": "bottom", "designator": "R47", "mpn": null, "pack": "R_0603_1608Metric", "value": "680R", "mount_type": "smt", "place": true}, {"pos_x": 89.42, "pos_y": -79.7, "rotation": 90.0, "side": "bottom", "designator": "C25", "mpn": null, "pack": "C_0603_1608Metric", "value": "0.1uF", "mount_type": "smt", "place": true}, {"pos_x": 103.49, "pos_y": -71.43, "rotation": 180.0, "side": "bottom", "designator": "R66", "mpn": null, "pack": "R_0603_1608Metric", "value": "10K", "mount_type": "smt", "place": true}, {"pos_x": 92.4, "pos_y": -72.91, "rotation": 0.0, "side": "bottom", "designator": "R77", "mpn": null, "pack": "R_0603_1608Metric", "value": "100K", "mount_type": "smt", "place": true}, {"pos_x": 127.51, "pos_y": -76.39, "rotation": 90.0, "side": "bottom", "designator": "R3", "mpn": null, "pack": "R_0603_1608Metric", "value": "10K", "mount_type": "smt", "place": true}, {"pos_x": 103.37, "pos_y": -75.03, "rotation": 180.0, "side": "bottom", "designator": "Q13", "mpn": null, "pack": "SOT-363_SC-70-6", "value": "NX3008NBKS", "mount_type": "smt", "place": true}, {"pos_x": 127.51, "pos_y": -79.35, "rotation": -90.0, "side": "bottom", "designator": "R4", "mpn": null, "pack": "R_0603_1608Metric", "value": "10K", "mount_type": "smt", "place": true}, {"pos_x": 104.02, "pos_y": -85.615, "rotation": 90.0, "side": "bottom", "designator": "R93", "mpn": null, "pack": "R_0603_1608Metric", "value": "DNI (0R)", "mount_type": "smt", "place": true}, {"pos_x": 89.1, "pos_y": -56.3, "rotation": -90.0, "side": "bottom", "designator": "U3", "mpn": null, "pack": "SOT-23-5", "value": "AP2112K-3.3", "mount_type": "smt", "place": true}, {"pos_x": 103.235, "pos_y": -55.93, "rotation": 0.0, "side": "bottom", "designator": "R45", "mpn": null, "pack": "R_0603_1608Metric", "value": "DNI (0R)", "mount_type": "smt", "place": true}, {"pos_x": 103.49, "pos_y": -69.92, "rotation": 0.0, "side": "bottom", "designator": "C33", "mpn": null, "pack": "C_0603_1608Metric", "value": "10nF", "mount_type": "smt", "place": true}, {"pos_x": 125.06, "pos_y": -65.83, "rotation": 180.0, "side": "bottom", "designator": "R23", "mpn": null, "pack": "R_0603_1608Metric", "value": "1M", "mount_type": "smt", "place": true}, {"pos_x": 103.4882, "pos_y": -66.916, "rotation": 180.0, "side": "bottom", "designator": "R67", "mpn": null, "pack": "R_0603_1608Metric", "value": "10K", "mount_type": "smt", "place": true}, {"pos_x": 115.9, "pos_y": -80.5, "rotation": 180.0, "side": "bottom", "designator": "REF**", "mpn": null, "pack": "Fiducial_1mm_Mask2mm", "value": "Fiducial_1mm_Mask2mm", "mount_type": "smt", "place": false}, {"pos_x": 93.0894, "pos_y": -52.819, "rotation": 0.0, "side": "bottom", "designator": "R55", "mpn": null, "pack": "R_0603_1608Metric", "value": "10K", "mount_type": "smt", "place": true}, {"pos_x": 89.1, "pos_y": -53.52, "rotation": 0.0, "side": "bottom", "designator": "R14", "mpn": null, "pack": "R_0603_1608Metric", "value": "10K", "mount_type": "smt", "place": true}, {"pos_x": 93.0894, "pos_y": -51.2696, "rotation": 0.0, "side": "bottom", "designator": "R56", "mpn": null, "pack": "R_0603_1608Metric", "value": "200K", "mount_type": "smt", "place": true}, {"pos_x": 101.785, "pos_y": -87.225, "rotation": 0.0, "side": "bottom", "designator": "R89", "mpn": null, "pack": "R_0603_1608Metric", "value": "0R", "mount_type": "smt", "place": true}, {"pos_x": 89.1, "pos_y": -61.29, "rotation": 0.0, "side": "bottom", "designator": "C15", "mpn": null, "pack": "C_0805_2012Metric", "value": "10uF", "mount_type": "smt", "place": true}, {"pos_x": 100.21, "pos_y": -55.93, "rotation": 180.0, "side": "bottom", "designator": "R46", "mpn": null, "pack": "R_0603_1608Metric", "value": "DNI (0R)", "mount_type": "smt", "place": true}, {"pos_x": 100.225, "pos_y": -52.825, "rotation": 0.0, "side": "bottom", "designator": "R50", "mpn": null, "pack": "R_0603_1608Metric", "value": "10K", "mount_type": "smt", "place": true}, {"pos_x": 96.2908, "pos_y": -49.3138, "rotation": 180.0, "side": "bottom", "designator": "Q7", "mpn": null, "pack": "SOT-363_SC-70-6", "value": "NX3008NBKS", "mount_type": "smt", "place": true}, {"pos_x": 96.6, "pos_y": -71.39, "rotation": 180.0, "side": "bottom", "designator": "R60", "mpn": null, "pack": "R_0603_1608Metric", "value": "100K", "mount_type": "smt", "place": true}, {"pos_x": 103.49, "pos_y": -72.89, "rotation": 0.0, "side": "bottom", "designator": "R72", "mpn": null, "pack": "R_0603_1608Metric", "value": "100K", "mount_type": "smt", "place": true}, {"pos_x": 103.36, "pos_y": -52.1586, "rotation": 180.0, "side": "bottom", "designator": "Q6", "mpn": null, "pack": "SOT-363_SC-70-6", "value": "MBT2222ADW1T1", "mount_type": "smt", "place": true}, {"pos_x": 100.2878, "pos_y": -67.6272, "rotation": 0.0, "side": "bottom", "designator": "Q12", "mpn": null, "pack": "SOT-363_SC-70-6", "value": "MBT2222ADW1T1", "mount_type": "smt", "place": true}, {"pos_x": 96.3, "pos_y": -63.6, "rotation": 0.0, "side": "bottom", "designator": "R58", "mpn": null, "pack": "R_0603_1608Metric", "value": "DNI (0R)", "mount_type": "smt", "place": true}, {"pos_x": 89.09, "pos_y": -51.81, "rotation": 0.0, "side": "bottom", "designator": "C14", "mpn": null, "pack": "C_0805_2012Metric", "value": "10uF", "mount_type": "smt", "place": true}, {"pos_x": 93.0996, "pos_y": -67.75, "rotation": 0.0, "side": "bottom", "designator": "Q10", "mpn": null, "pack": "SOT-363_SC-70-6", "value": "MBT2222ADW1T1", "mount_type": "smt", "place": true}, {"pos_x": 100.26, "pos_y": -80.0736, "rotation": 0.0, "side": "bottom", "designator": "R73", "mpn": null, "pack": "R_0603_1608Metric", "value": "10K", "mount_type": "smt", "place": true}, {"pos_x": 100.26, "pos_y": -75.4404, "rotation": 0.0, "side": "bottom", "designator": "C34", "mpn": null, "pack": "C_0603_1608Metric", "value": "10nF", "mount_type": "smt", "place": true}, {"pos_x": 101.11, "pos_y": -58.75, "rotation": 90.0, "side": "bottom", "designator": "U7", "mpn": null, "pack": "VSON-10", "value": "DRV8830DRC", "mount_type": "smt", "place": true}, {"pos_x": 125.06, "pos_y": -64.36, "rotation": 180.0, "side": "bottom", "designator": "C26", "mpn": null, "pack": "C_0603_1608Metric", "value": "4.7nF", "mount_type": "smt", "place": true}, {"pos_x": 96.6, "pos_y": -69.92, "rotation": 0.0, "side": "bottom", "designator": "C32", "mpn": null, "pack": "C_0603_1608Metric", "value": "10nF", "mount_type": "smt", "place": true}, {"pos_x": 93.1, "pos_y": -70.6, "rotation": 0.0, "side": "bottom", "designator": "Q9", "mpn": null, "pack": "SOT-363_SC-70-6", "value": "NX3008NBKS", "mount_type": "smt", "place": true}, {"pos_x": 93.22, "pos_y": -65.47, "rotation": 0.0, "side": "bottom", "designator": "R59", "mpn": null, "pack": "R_0603_1608Metric", "value": "680R", "mount_type": "smt", "place": true}, {"pos_x": 100.26, "pos_y": -78.54, "rotation": 0.0, "side": "bottom", "designator": "R74", "mpn": null, "pack": "R_0603_1608Metric", "value": "10K", "mount_type": "smt", "place": true}, {"pos_x": 89.1, "pos_y": -59.33, "rotation": 0.0, "side": "bottom", "designator": "C16", "mpn": null, "pack": "C_0805_2012Metric", "value": "1uF", "mount_type": "smt", "place": true}, {"pos_x": 96.3, "pos_y": -66.9668, "rotation": 180.0, "side": "bottom", "designator": "R62", "mpn": null, "pack": "R_0603_1608Metric", "value": "10K", "mount_type": "smt", "place": true}, {"pos_x": 92.12, "pos_y": -81.45, "rotation": 0.0, "side": "bottom", "designator": "U9", "mpn": null, "pack": "VSON-10", "value": "DRV8830DRC", "mount_type": "smt", "place": true}, {"pos_x": 100.225, "pos_y": -54.45, "rotation": 0.0, "side": "bottom", "designator": "R49", "mpn": null, "pack": "R_0603_1608Metric", "value": "10K", "mount_type": "smt", "place": true}, {"pos_x": 93.0904, "pos_y": -54.3684, "rotation": 0.0, "side": "bottom", "designator": "R54", "mpn": null, "pack": "R_0603_1608Metric", "value": "10K", "mount_type": "smt", "place": true}, {"pos_x": 96.3, "pos_y": -65.475, "rotation": 180.0, "side": "bottom", "designator": "R61", "mpn": null, "pack": "R_0603_1608Metric", "value": "10K", "mount_type": "smt", "place": true}, {"pos_x": 92.4, "pos_y": -77.31, "rotation": 0.0, "side": "bottom", "designator": "R78", "mpn": null, "pack": "R_0603_1608Metric", "value": "10K", "mount_type": "smt", "place": true}, {"pos_x": 103.36, "pos_y": -49.3138, "rotation": 180.0, "side": "bottom", "designator": "Q5", "mpn": null, "pack": "SOT-363_SC-70-6", "value": "NX3008NBKS", "mount_type": "smt", "place": true}, {"pos_x": 92.4, "pos_y": -74.38, "rotation": 0.0, "side": "bottom", "designator": "C35", "mpn": null, "pack": "C_0603_1608Metric", "value": "10nF", "mount_type": "smt", "place": true}, {"pos_x": 102.45, "pos_y": -61.45, "rotation": 180.0, "side": "bottom", "designator": "R20", "mpn": null, "pack": "R_0603_1608Metric", "value": "0R", "mount_type": "smt", "place": true}, {"pos_x": 100.0, "pos_y": -62.2, "rotation": -90.0, "side": "bottom", "designator": "C23", "mpn": null, "pack": "C_0603_1608Metric", "value": "0.1uF", "mount_type": "smt", "place": true}, {"pos_x": 96.1638, "pos_y": -54.3684, "rotation": 180.0, "side": "bottom", "designator": "R52", "mpn": null, "pack": "R_0603_1608Metric", "value": "680R", "mount_type": "smt", "place": true}, {"pos_x": 95.6, "pos_y": -73.7, "rotation": 180.0, "side": "bottom", "designator": "Q15", "mpn": null, "pack": "SOT-363_SC-70-6", "value": "NX3008NBKS", "mount_type": "smt", "place": true}, {"pos_x": 100.2878, "pos_y": -70.472, "rotation": 0.0, "side": "bottom", "designator": "Q11", "mpn": null, "pack": "SOT-363_SC-70-6", "value": "NX3008NBKS", "mount_type": "smt", "place": true}, {"pos_x": 103.64, "pos_y": -63.05, "rotation": 0.0, "side": "bottom", "designator": "FL1", "mpn": null, "pack": "SRF2012", "value": "SRF2012", "mount_type": "smt", "place": true}, {"pos_x": 103.95, "pos_y": -47.1, "rotation": 0.0, "side": "bottom", "designator": "R48", "mpn": null, "pack": "R_0603_1608Metric", "value": "100K", "mount_type": "smt", "place": true}, {"pos_x": 92.4, "pos_y": -75.85, "rotation": 180.0, "side": "bottom", "designator": "R80", "mpn": null, "pack": "R_0603_1608Metric", "value": "200K", "mount_type": "smt", "place": true}, {"pos_x": 100.39, "pos_y": -72.61, "rotation": 180.0, "side": "bottom", "designator": "R65", "mpn": null, "pack": "R_0603_1608Metric", "value": "100K", "mount_type": "smt", "place": true}, {"pos_x": 124.37, "pos_y": -82.38, "rotation": 90.0, "side": "bottom", "designator": "R92", "mpn": null, "pack": "R_0603_1608Metric", "value": "1K", "mount_type": "smt", "place": true}, {"pos_x": 112.22, "pos_y": -46.93, "rotation": 90.0, "side": "bottom", "designator": "J2", "mpn": null, "pack": "U.FL-R-SMT-1", "value": "U.FL-R-SMT-1", "mount_type": "smt", "place": true}, {"pos_x": 93.22, "pos_y": -63.99, "rotation": 180.0, "side": "bottom", "designator": "R57", "mpn": null, "pack": "R_0603_1608Metric", "value": "DNI (0R)", "mount_type": "smt", "place": true}, {"pos_x": 92.4, "pos_y": -78.77, "rotation": 0.0, "side": "bottom", "designator": "R79", "mpn": null, "pack": "R_0603_1608Metric", "value": "10K", "mount_type": "smt", "place": true}, {"pos_x": 93.09, "pos_y": -48.18, "rotation": 0.0, "side": "bottom", "designator": "R10", "mpn": null, "pack": "R_0603_1608Metric", "value": "10K", "mount_type": "smt", "place": true}, {"pos_x": 93.11, "pos_y": -56.04, "rotation": 180.0, "side": "bottom", "designator": "FL2", "mpn": null, "pack": "SRF2012", "value": "SRF2012", "mount_type": "smt", "place": true}, {"pos_x": 103.4882, "pos_y": -68.4146, "rotation": 180.0, "side": "bottom", "designator": "R68", "mpn": null, "pack": "R_0603_1608Metric", "value": "200K", "mount_type": "smt", "place": true}, {"pos_x": 89.42, "pos_y": -82.775, "rotation": 90.0, "side": "bottom", "designator": "R22", "mpn": null, "pack": "R_0603_1608Metric", "value": "0R", "mount_type": "smt", "place": true}, {"pos_x": 96.52, "pos_y": -60.452, "rotation": -90.0, "side": "bottom", "designator": "C24", "mpn": null, "pack": "C_0603_1608Metric", "value": "0.1uF", "mount_type": "smt", "place": true}, {"pos_x": 86.81, "pos_y": -81.04, "rotation": 90.0, "side": "bottom", "designator": "FL3", "mpn": null, "pack": "SRF2012", "value": "SRF2012", "mount_type": "smt", "place": true}, {"pos_x": 100.22, "pos_y": -48.2, "rotation": 180.0, "side": "bottom", "designator": "R53", "mpn": null, "pack": "R_0603_1608Metric", "value": "100K", "mount_type": "smt", "place": true}, {"pos_x": 103.56, "pos_y": -82.32, "rotation": 0.0, "side": "bottom", "designator": "R90", "mpn": null, "pack": "R_0603_1608Metric", "value": "4.7K", "mount_type": "smt", "place": true}, {"pos_x": 100.26, "pos_y": -76.9898, "rotation": 0.0, "side": "bottom", "designator": "R75", "mpn": null, "pack": "R_0603_1608Metric", "value": "200K", "mount_type": "smt", "place": true}, {"pos_x": 100.225, "pos_y": -51.275, "rotation": 0.0, "side": "bottom", "designator": "R51", "mpn": null, "pack": "R_0603_1608Metric", "value": "200K", "mount_type": "smt", "place": true}, {"pos_x": 100.26, "pos_y": -81.61, "rotation": 0.0, "side": "bottom", "designator": "R69", "mpn": null, "pack": "R_0603_1608Metric", "value": "DNI (0R)", "mount_type": "smt", "place": true}, {"pos_x": 121.7, "pos_y": -47.2, "rotation": 180.0, "side": "bottom", "designator": "REF**", "mpn": null, "pack": "Fiducial_1mm_Mask2mm", "value": "Fiducial_1mm_Mask2mm", "mount_type": "smt", "place": false}]