[{"pos_x": 98.3742, "pos_y": -49.9514, "rotation": 90.0, "side": "top", "designator": "C24", "mpn": null, "pack": "C_0603_1608Metric", "value": "0.1uF", "mount_type": "smt", "place": true}, {"pos_x": 109.601, "pos_y": -76.8604, "rotation": 90.0, "side": "top", "designator": "C3", "mpn": null, "pack": "C_0603_1608Metric", "value": "0.1uF", "mount_type": "smt", "place": true}, {"pos_x": 122.9, "pos_y": -82.1, "rotation": 0.0, "side": "top", "designator": "REF**", "mpn": null, "pack": "Fiducial_1mm_Mask2mm", "value": "Fiducial_1mm_Mask2mm", "mount_type": "smt", "place": false}, {"pos_x": 105.1814, "pos_y": -76.8604, "rotation": 90.0, "side": "top", "designator": "R17", "mpn": null, "pack": "R_0603_1608Metric", "value": "4.7K", "mount_type": "smt", "place": true}, {"pos_x": 117.3, "pos_y": -59.0, "rotation": 180.0, "side": "top", "designator": "R2", "mpn": null, "pack": "R_0603_1608Metric", "value": "5.1K", "mount_type": "smt", "place": true}, {"pos_x": 90.7643, "pos_y": -63.3264, "rotation": 180.0, "side": "top", "designator": "C16", "mpn": null, "pack": "C_0603_1608Metric", "value": "4pF", "mount_type": "smt", "place": true}, {"pos_x": 83.099995, "pos_y": -46.300004, "rotation": 0.0, "side": "top", "designator": "H1", "mpn": null, "pack": "MountingHole", "value": "MountingHole_Pad", "mount_type": "tht", "place": false}, {"pos_x": 106.2604, "pos_y": -80.5942, "rotation": 0.0, "side": "top", "designator": "R14", "mpn": null, "pack": "R_0603_1608Metric", "value": "10K", "mount_type": "smt", "place": true}, {"pos_x": 89.2542, "pos_y": -71.4906, "rotation": -90.0, "side": "top", "designator": "FB1", "mpn": null, "pack": "L_0603_1608Metric", "value": "120R", "mount_type": "smt", "place": true}, {"pos_x": 123.3, "pos_y": -64.695, "rotation": -90.0, "side": "top", "designator": "R1", "mpn": null, "pack": "R_0603_1608Metric", "value": "1M", "mount_type": "smt", "place": true}, {"pos_x": 103.51082, "pos_y": -82.2, "rotation": -90.0, "side": "top", "designator": "kibuzzard-63E3EAF3", "mpn": null, "pack": "kibuzzard-63E3EAF3", "value": "G***", "mount_type": "tht", "place": false}, {"pos_x": 82.8294, "pos_y": -51.5262, "rotation": 90.0, "side": "top", "designator": "kibuzzard-63E3EC1C", "mpn": null, "pack": "kibuzzard-63E3EC1C", "value": "G***", "mount_type": "tht", "place": false}, {"pos_x": 124.8, "pos_y": -64.695, "rotation": 90.0, "side": "top", "designator": "C35", "mpn": null, "pack": "C_0603_1608Metric", "value": "4.7nF", "mount_type": "smt", "place": true}, {"pos_x": 117.602, "pos_y": -68.1756, "rotation": -90.0, "side": "top", "designator": "C15", "mpn": null, "pack": "C_0603_1608Metric", "value": "1uF", "mount_type": "smt", "place": true}, {"pos_x": 106.2604, "pos_y": -79.0956, "rotation": 0.0, "side": "top", "designator": "R10", "mpn": null, "pack": "R_0603_1608Metric", "value": "10K", "mount_type": "smt", "place": true}, {"pos_x": 118.05, "pos_y": -54.879, "rotation": 90.0, "side": "top", "designator": "R3", "mpn": null, "pack": "R_0603_1608Metric", "value": "5.1K", "mount_type": "smt", "place": true}, {"pos_x": 106.6546, "pos_y": -76.8604, "rotation": 90.0, "side": "top", "designator": "R18", "mpn": null, "pack": "R_0603_1608Metric", "value": "4.7K", "mount_type": "smt", "place": true}, {"pos_x": 92.2542, "pos_y": -71.4906, "rotation": 90.0, "side": "top", "designator": "C10", "mpn": null, "pack": "C_0603_1608Metric", "value": "10nF", "mount_type": "smt", "place": true}, {"pos_x": 109.474, "pos_y": -79.8322, "rotation": 90.0, "side": "top", "designator": "C20", "mpn": null, "pack": "C_0603_1608Metric", "value": "1uF", "mount_type": "smt", "place": true}, {"pos_x": 123.444, "pos_y": -75.326, "rotation": -90.0, "side": "top", "designator": "C13", "mpn": null, "pack": "C_0603_1608Metric", "value": "0.1uF", "mount_type": "smt", "place": true}, {"pos_x": 91.9, "pos_y": -81.3, "rotation": 90.0, "side": "top", "designator": "J2", "mpn": null, "pack": "PinHeader_2x05_P1.27mm_Vertical_SMD", "value": "02x05 M 1.27mm", "mount_type": "smt", "place": true}, {"pos_x": 84.267, "pos_y": -51.5262, "rotation": -90.0, "side": "top", "designator": "C28", "mpn": null, "pack": "C_0603_1608Metric", "value": "10uF", "mount_type": "smt", "place": true}, {"pos_x": 111.91, "pos_y": -53.05, "rotation": 180.0, "side": "top", "designator": "R6", "mpn": null, "pack": "R_0603_1608Metric", "value": "10K", "mount_type": "smt", "place": true}, {"pos_x": 124.05, "pos_y": -57.45, "rotation": 90.0, "side": "top", "designator": "J1", "mpn": null, "pack": "USB_C_Receptacle_HRO_TYPE-C-31-M-12", "value": "USB_C_Receptacle_USB2.0", "mount_type": "smt", "place": true}, {"pos_x": 98.27, "pos_y": -77.62, "rotation": 0.0, "side": "top", "designator": "R9", "mpn": null, "pack": "R_0603_1608Metric", "value": "10K", "mount_type": "smt", "place": true}, {"pos_x": 100.6348, "pos_y": -50.053, "rotation": 180.0, "side": "top", "designator": "C29", "mpn": null, "pack": "C_0603_1608Metric", "value": "0.1uF", "mount_type": "smt", "place": true}, {"pos_x": 91.5, "pos_y": -76.2, "rotation": 180.0, "side": "top", "designator": "R8", "mpn": null, "pack": "R_0603_1608Metric", "value": "1K", "mount_type": "smt", "place": true}, {"pos_x": 117.3, "pos_y": -60.5, "rotation": 180.0, "side": "top", "designator": "R20", "mpn": null, "pack": "R_0603_1608Metric", "value": "0R", "mount_type": "smt", "place": true}, {"pos_x": 85.767, "pos_y": -55.006, "rotation": -90.0, "side": "top", "designator": "C34", "mpn": null, "pack": "C_0603_1608Metric", "value": "1uF", "mount_type": "smt", "place": true}, {"pos_x": 103.8352, "pos_y": -56.657, "rotation": 180.0, "side": "top", "designator": "R19", "mpn": null, "pack": "R_0603_1608Metric", "value": "10K", "mount_type": "smt", "place": true}, {"pos_x": 103.0, "pos_y": -66.3344, "rotation": 0.0, "side": "top", "designator": "U1", "mpn": null, "pack": "LQFP-100_14x14mm_P0.5mm", "value": "STM32H743VITx", "mount_type": "smt", "place": true}, {"pos_x": 102.8192, "pos_y": -77.6224, "rotation": 0.0, "side": "top", "designator": "R11", "mpn": null, "pack": "R_0603_1608Metric", "value": "10K", "mount_type": "smt", "place": true}, {"pos_x": 122.899995, "pos_y": -46.300004, "rotation": 0.0, "side": "top", "designator": "H2", "mpn": null, "pack": "MountingHole", "value": "MountingHole_Pad", "mount_type": "tht", "place": false}, {"pos_x": 120.4722, "pos_y": -68.3918, "rotation": 180.0, "side": "top", "designator": "Q1", "mpn": null, "pack": "SOT-23-6", "value": "SQ3495EV-T1", "mount_type": "smt", "place": true}, {"pos_x": 114.3254, "pos_y": -67.8584, "rotation": 90.0, "side": "top", "designator": "D1", "mpn": null, "pack": "LED_RGB_Wuerth-PLCC4_3.2x2.8mm_150141M173100", "value": "150141M173100", "mount_type": "smt", "place": true}, {"pos_x": 110.2, "pos_y": -57.3682, "rotation": -90.0, "side": "top", "designator": "C2", "mpn": null, "pack": "C_0603_1608Metric", "value": "0.1uF", "mount_type": "smt", "place": true}, {"pos_x": 113.03, "pos_y": -50.1, "rotation": 180.0, "side": "top", "designator": "SW1", "mpn": null, "pack": "CAS-120TA", "value": "CAS-120TA", "mount_type": "smt", "place": true}, {"pos_x": 114.1, "pos_y": -59.1716, "rotation": 90.0, "side": "top", "designator": "U2", "mpn": null, "pack": "SOT-23-6", "value": "WE-TVS-82400102", "mount_type": "smt", "place": true}, {"pos_x": 92.5068, "pos_y": -61.7624, "rotation": 0.0, "side": "top", "designator": "C8", "mpn": null, "pack": "C_0603_1608Metric", "value": "0.1uF", "mount_type": "smt", "place": true}, {"pos_x": 122.9, "pos_y": -50.3, "rotation": 0.0, "side": "top", "designator": "REF**", "mpn": null, "pack": "Fiducial_1mm_Mask2mm", "value": "Fiducial_1mm_Mask2mm", "mount_type": "smt", "place": false}, {"pos_x": 82.8294, "pos_y": -58.4858, "rotation": 90.0, "side": "top", "designator": "kibuzzard-63E3EBF1", "mpn": null, "pack": "kibuzzard-63E3EBF1", "value": "G***", "mount_type": "tht", "place": false}, {"pos_x": 120.4722, "pos_y": -64.912, "rotation": 180.0, "side": "top", "designator": "U6", "mpn": null, "pack": "TSOT-23-6", "value": "LTC4412xS6", "mount_type": "smt", "place": true}, {"pos_x": 85.767, "pos_y": -51.5262, "rotation": -90.0, "side": "top", "designator": "C33", "mpn": null, "pack": "C_0603_1608Metric", "value": "1uF", "mount_type": "smt", "place": true}, {"pos_x": 83.1, "pos_y": -82.1, "rotation": 0.0, "side": "top", "designator": "REF**", "mpn": null, "pack": "Fiducial_1mm_Mask2mm", "value": "Fiducial_1mm_Mask2mm", "mount_type": "smt", "place": false}, {"pos_x": 111.0996, "pos_y": -80.0608, "rotation": -90.0, "side": "top", "designator": "C19", "mpn": null, "pack": "CP_EIA-2012-12_Kemet-R", "value": "47uF", "mount_type": "smt", "place": true}, {"pos_x": 105.3846, "pos_y": -51.5262, "rotation": -90.0, "side": "top", "designator": "C22", "mpn": null, "pack": "C_0603_1608Metric", "value": "1uF", "mount_type": "smt", "place": true}, {"pos_x": 111.67, "pos_y": -58.3, "rotation": -90.0, "side": "top", "designator": "C6", "mpn": null, "pack": "C_0603_1608Metric", "value": "2.2uF", "mount_type": "smt", "place": true}, {"pos_x": 93.6244, "pos_y": -56.8094, "rotation": 90.0, "side": "top", "designator": "C1", "mpn": null, "pack": "CP_EIA-2012-12_Kemet-R", "value": "47uF", "mount_type": "smt", "place": true}, {"pos_x": 88.667, "pos_y": -58.4858, "rotation": 0.0, "side": "top", "designator": "U3", "mpn": null, "pack": "SOT-23-5", "value": "XC6210B332MR-G", "mount_type": "smt", "place": true}, {"pos_x": 91.567, "pos_y": -58.3858, "rotation": -90.0, "side": "top", "designator": "C25", "mpn": null, "pack": "C_0603_1608Metric", "value": "1uF", "mount_type": "smt", "place": true}, {"pos_x": 95.4024, "pos_y": -56.8094, "rotation": -90.0, "side": "top", "designator": "C7", "mpn": null, "pack": "C_0603_1608Metric", "value": "0.1uF", "mount_type": "smt", "place": true}, {"pos_x": 91.567, "pos_y": -55.006, "rotation": -90.0, "side": "top", "designator": "C32", "mpn": null, "pack": "C_0603_1608Metric", "value": "1uF", "mount_type": "smt", "place": true}, {"pos_x": 83.099995, "pos_y": -86.100004, "rotation": 0.0, "side": "top", "designator": "H4", "mpn": null, "pack": "MountingHole", "value": "MountingHole_Pad", "mount_type": "tht", "place": false}, {"pos_x": 100.6348, "pos_y": -51.5262, "rotation": 180.0, "side": "top", "designator": "C27", "mpn": null, "pack": "C_0603_1608Metric", "value": "10uF", "mount_type": "smt", "place": true}, {"pos_x": 88.667, "pos_y": -51.5262, "rotation": 0.0, "side": "top", "designator": "U4", "mpn": null, "pack": "SOT-23-5", "value": "AP7366-28W5-7", "mount_type": "smt", "place": true}, {"pos_x": 100.6348, "pos_y": -52.9994, "rotation": 180.0, "side": "top", "designator": "C26", "mpn": null, "pack": "C_0603_1608Metric", "value": "1uF", "mount_type": "smt", "place": true}, {"pos_x": 106.8578, "pos_y": -51.5262, "rotation": -90.0, "side": "top", "designator": "C23", "mpn": null, "pack": "C_0603_1608Metric", "value": "10uF", "mount_type": "smt", "place": true}, {"pos_x": 122.899995, "pos_y": -86.100004, "rotation": 0.0, "side": "top", "designator": "H3", "mpn": null, "pack": "MountingHole", "value": "MountingHole_Pad", "mount_type": "tht", "place": false}, {"pos_x": 90.7643, "pos_y": -68.356, "rotation": 180.0, "side": "top", "designator": "C17", "mpn": null, "pack": "C_0603_1608Metric", "value": "4pF", "mount_type": "smt", "place": true}, {"pos_x": 102.8192, "pos_y": -79.0956, "rotation": 0.0, "side": "top", "designator": "R12", "mpn": null, "pack": "R_0603_1608Metric", "value": "10K", "mount_type": "smt", "place": true}, {"pos_x": 82.8294, "pos_y": -55.006, "rotation": 90.0, "side": "top", "designator": "kibuzzard-63E3EC09", "mpn": null, "pack": "kibuzzard-63E3EC09", "value": "G***", "mount_type": "tht", "place": false}, {"pos_x": 116.2, "pos_y": -76.3, "rotation": 0.0, "side": "top", "designator": "Ref**", "mpn": null, "pack": "pycubed_mini_half", "value": "Val**", "mount_type": "tht", "place": false}, {"pos_x": 98.27, "pos_y": -76.1388, "rotation": 180.0, "side": "top", "designator": "C5", "mpn": null, "pack": "C_0603_1608Metric", "value": "0.1uF", "mount_type": "smt", "place": true}, {"pos_x": 117.602, "pos_y": -71.9732, "rotation": -90.0, "side": "top", "designator": "R4", "mpn": null, "pack": "R_0603_1608Metric", "value": "100R", "mount_type": "smt", "place": true}, {"pos_x": 121.9454, "pos_y": -75.326, "rotation": 90.0, "side": "top", "designator": "R5", "mpn": null, "pack": "R_0603_1608Metric", "value": "10K", "mount_type": "smt", "place": true}, {"pos_x": 117.1702, "pos_y": -64.404, "rotation": 90.0, "side": "top", "designator": "D2", "mpn": null, "pack": "D_SOD-123F", "value": "MBR1020VL-AU_R1", "mount_type": "smt", "place": true}, {"pos_x": 83.827972, "pos_y": -69.716023, "rotation": 90.0, "side": "top", "designator": "J5", "mpn": null, "pack": "SAMTEC_TFM-110-12-X-D-A", "value": "TFM-110-12-X-D-A", "mount_type": "tht", "place": true}, {"pos_x": 124.0496, "pos_y": -67.0064, "rotation": 0.0, "side": "top", "designator": "C14", "mpn": null, "pack": "C_0603_1608Metric", "value": "1uF", "mount_type": "smt", "place": true}, {"pos_x": 121.3866, "pos_y": -71.9478, "rotation": 0.0, "side": "top", "designator": "SW2", "mpn": null, "pack": "BTN_KMR2", "value": "KMR2x", "mount_type": "smt", "place": true}, {"pos_x": 108.1278, "pos_y": -76.8604, "rotation": 90.0, "side": "top", "designator": "C4", "mpn": null, "pack": "C_0603_1608Metric", "value": "2.2uF", "mount_type": "smt", "place": true}, {"pos_x": 114.5794, "pos_y": -72.1256, "rotation": 90.0, "side": "top", "designator": "RN1", "mpn": null, "pack": "R_Array_Concave_4x0603", "value": "330R", "mount_type": "smt", "place": true}, {"pos_x": 96.8756, "pos_y": -49.9514, "rotation": -90.0, "side": "top", "designator": "FB2", "mpn": null, "pack": "L_0603_1608Metric", "value": "120R", "mount_type": "smt", "place": true}, {"pos_x": 98.3742, "pos_y": -52.9232, "rotation": -90.0, "side": "top", "designator": "R15", "mpn": null, "pack": "R_0603_1608Metric", "value": "4.7K", "mount_type": "smt", "place": true}, {"pos_x": 90.7542, "pos_y": -71.4906, "rotation": 90.0, "side": "top", "designator": "C11", "mpn": null, "pack": "C_0603_1608Metric", "value": "1uF", "mount_type": "smt", "place": true}, {"pos_x": 117.5, "pos_y": -50.1, "rotation": -90.0, "side": "top", "designator": "kibuzzard-63E3EA3E", "mpn": null, "pack": "kibuzzard-63E3EA3E", "value": "G***", "mount_type": "tht", "place": false}, {"pos_x": 84.267, "pos_y": -55.006, "rotation": -90.0, "side": "top", "designator": "C31", "mpn": null, "pack": "C_0603_1608Metric", "value": "10uF", "mount_type": "smt", "place": true}, {"pos_x": 85.767, "pos_y": -58.4858, "rotation": -90.0, "side": "top", "designator": "C21", "mpn": null, "pack": "C_0603_1608Metric", "value": "1uF", "mount_type": "smt", "place": true}, {"pos_x": 89.9922, "pos_y": -73.7512, "rotation": 0.0, "side": "top", "designator": "C12", "mpn": null, "pack": "C_0603_1608Metric", "value": "1uF", "mount_type": "smt", "place": true}, {"pos_x": 93.2434, "pos_y": -64.0738, "rotation": -90.0, "side": "top", "designator": "C9", "mpn": null, "pack": "C_0603_1608Metric", "value": "0.1uF", "mount_type": "smt", "place": true}, {"pos_x": 99.1, "pos_y": -82.2, "rotation": 180.0, "side": "top", "designator": "SW3", "mpn": null, "pack": "CAS-120TA", "value": "CAS-120TA", "mount_type": "smt", "place": true}, {"pos_x": 84.267, "pos_y": -58.4858, "rotation": -90.0, "side": "top", "designator": "C18", "mpn": null, "pack": "C_0603_1608Metric", "value": "10uF", "mount_type": "smt", "place": true}, {"pos_x": 88.667, "pos_y": -55.006, "rotation": 0.0, "side": "top", "designator": "U5", "mpn": null, "pack": "SOT-23-5", "value": "TLV75515PDBVR", "mount_type": "smt", "place": true}, {"pos_x": 91.567, "pos_y": -51.5262, "rotation": -90.0, "side": "top", "designator": "C30", "mpn": null, "pack": "C_0603_1608Metric", "value": "1uF", "mount_type": "smt", "place": true}, {"pos_x": 98.27, "pos_y": -79.09, "rotation": 180.0, "side": "top", "designator": "R7", "mpn": null, "pack": "R_0603_1608Metric", "value": "10K", "mount_type": "smt", "place": true}, {"pos_x": 96.8756, "pos_y": -52.9232, "rotation": -90.0, "side": "top", "designator": "R16", "mpn": null, "pack": "R_0603_1608Metric", "value": "4.7K", "mount_type": "smt", "place": true}, {"pos_x": 90.7643, "pos_y": -65.8264, "rotation": 90.0, "side": "top", "designator": "Y1", "mpn": null, "pack": "Crystal_SMD_2520-4Pin_2.5x2.0mm", "value": "12MHz/7pF", "mount_type": "smt", "place": true}, {"pos_x": 106.2604, "pos_y": -82.0928, "rotation": 0.0, "side": "top", "designator": "R13", "mpn": null, "pack": "R_0603_1608Metric", "value": "10K", "mount_type": "smt", "place": true}, {"pos_x": 95.1738, "pos_y": -66.2074, "rotation": -90.0, "side": "bottom", "designator": "kibuzzard-63E3ED57", "mpn": null, "pack": "kibuzzard-63E3ED57", "value": "G***", "mount_type": "tht", "place": false}, {"pos_x": 103.0, "pos_y": -50.55, "rotation": 180.0, "side": "bottom", "designator": "J4", "mpn": null, "pack": "MOLEX_5051102491", "value": "MOLEX_5051102491", "mount_type": "smt", "place": true}, {"pos_x": 87.55, "pos_y": -69.08, "rotation": -90.0, "side": "bottom", "designator": "J6", "mpn": null, "pack": "SAMTEC_FLE-107-01-X-DV-A", "value": "FLE-107-01-X-DV-A", "mount_type": "tht", "place": true}, {"pos_x": 110.744, "pos_y": -66.182, "rotation": 90.0, "side": "bottom", "designator": "kibuzzard-63E3ED57", "mpn": null, "pack": "kibuzzard-63E3ED57", "value": "G***", "mount_type": "tht", "place": false}, {"pos_x": 102.997, "pos_y": -78.5114, "rotation": 90.0, "side": "bottom", "designator": "J3", "mpn": null, "pack": "microSD_HC_Molex_104031-0811", "value": "USD-1040310811", "mount_type": "smt", "place": true}, {"pos_x": 122.9, "pos_y": -50.3, "rotation": 180.0, "side": "bottom", "designator": "REF**", "mpn": null, "pack": "Fiducial_1mm_Mask2mm", "value": "Fiducial_1mm_Mask2mm", "mount_type": "smt", "place": false}, {"pos_x": 122.9, "pos_y": -82.1, "rotation": 180.0, "side": "bottom", "designator": "REF**", "mpn": null, "pack": "Fiducial_1mm_Mask2mm", "value": "Fiducial_1mm_Mask2mm", "mount_type": "smt", "place": false}, {"pos_x": 83.1, "pos_y": -82.1, "rotation": 180.0, "side": "bottom", "designator": "REF**", "mpn": null, "pack": "Fiducial_1mm_Mask2mm", "value": "Fiducial_1mm_Mask2mm", "mount_type": "smt", "place": false}]