[{"pos_x": 83.89, "pos_y": -78.65, "rotation": 0.0, "side": "top", "designator": "SC5", "mpn": null, "pack": "KXOB25-05X3F", "value": "SolarCell_Small", "mount_type": "smt", "place": true}, {"pos_x": 83.89, "pos_y": -70.4, "rotation": 0.0, "side": "top", "designator": "SC6", "mpn": null, "pack": "KXOB25-05X3F", "value": "SolarCell_Small", "mount_type": "smt", "place": true}, {"pos_x": 83.89, "pos_y": -62.149996, "rotation": 0.0, "side": "top", "designator": "SC7", "mpn": null, "pack": "KXOB25-05X3F", "value": "SolarCell_Small", "mount_type": "smt", "place": true}, {"pos_x": 108.51, "pos_y": -78.65, "rotation": 0.0, "side": "top", "designator": "SC1", "mpn": null, "pack": "KXOB25-05X3F", "value": "SolarCell_Small", "mount_type": "smt", "place": true}, {"pos_x": 108.51, "pos_y": -70.4, "rotation": 0.0, "side": "top", "designator": "SC2", "mpn": null, "pack": "KXOB25-05X3F", "value": "SolarCell_Small", "mount_type": "smt", "place": true}, {"pos_x": 108.51, "pos_y": -62.149996, "rotation": 0.0, "side": "top", "designator": "SC3", "mpn": null, "pack": "KXOB25-05X3F", "value": "SolarCell_Small", "mount_type": "smt", "place": true}, {"pos_x": 108.51, "pos_y": -53.9, "rotation": 0.0, "side": "top", "designator": "SC4", "mpn": null, "pack": "KXOB25-05X3F", "value": "SolarCell_Small", "mount_type": "smt", "place": true}, {"pos_x": 110.03, "pos_y": -45.3, "rotation": -90.0, "side": "top", "designator": "C1", "mpn": null, "pack": "C_0402_1005Metric", "value": "0.1uF", "mount_type": "smt", "place": true}, {"pos_x": 109.1, "pos_y": -45.81, "rotation": -90.0, "side": "top", "designator": "R1", "mpn": null, "pack": "R_0402_1005Metric", "value": "0R", "mount_type": "smt", "place": true}, {"pos_x": 109.1, "pos_y": -44.79, "rotation": -90.0, "side": "top", "designator": "R2", "mpn": null, "pack": "R_0402_1005Metric", "value": "0R", "mount_type": "smt", "place": true}, {"pos_x": 99.100005, "pos_y": -45.300011, "rotation": 0.0, "side": "top", "designator": "H2", "mpn": null, "pack": "MountingHole_2.2mm_M2_DIN965_Pad_TopBottom", "value": "MountingHole", "mount_type": "tht", "place": false}, {"pos_x": 83.89, "pos_y": -53.9, "rotation": 0.0, "side": "top", "designator": "SC8", "mpn": null, "pack": "KXOB25-05X3F", "value": "SolarCell_Small", "mount_type": "smt", "place": true}, {"pos_x": 128.9, "pos_y": -88.7, "rotation": 0.0, "side": "top", "designator": "REF**", "mpn": null, "pack": "Fiducial_1mm_Mask2mm", "value": "Fiducial_1mm_Mask2mm", "mount_type": "smt", "place": false}, {"pos_x": 128.9, "pos_y": -44.3, "rotation": 0.0, "side": "top", "designator": "REF**", "mpn": null, "pack": "Fiducial_1mm_Mask2mm", "value": "Fiducial_1mm_Mask2mm", "mount_type": "smt", "place": false}, {"pos_x": 118.9, "pos_y": -85.2, "rotation": 0.0, "side": "top", "designator": "H4", "mpn": null, "pack": "MountingHole_2.2mm_M2_DIN965_Pad_TopBottom", "value": "MountingHole", "mount_type": "tht", "place": false}, {"pos_x": 96.1, "pos_y": -85.2, "rotation": 0.0, "side": "top", "designator": "H3", "mpn": null, "pack": "MountingHole_2.2mm_M2_DIN965_Pad_TopBottom", "value": "MountingHole", "mount_type": "tht", "place": false}, {"pos_x": 84.5, "pos_y": -44.3, "rotation": 0.0, "side": "top", "designator": "REF**", "mpn": null, "pack": "Fiducial_1mm_Mask2mm", "value": "Fiducial_1mm_Mask2mm", "mount_type": "smt", "place": false}, {"pos_x": 106.7, "pos_y": -45.3, "rotation": 180.0, "side": "top", "designator": "U2", "mpn": null, "pack": "OPT3001", "value": "OPT3001", "mount_type": "smt", "place": true}, {"pos_x": 106.7, "pos_y": -88.205445, "rotation": 0.0, "side": "top", "designator": "REF**", "mpn": null, "pack": "X Label", "value": "X Label", "mount_type": "smt", "place": false}, {"pos_x": 120.900012, "pos_y": -45.300011, "rotation": 0.0, "side": "top", "designator": "H1", "mpn": null, "pack": "MountingHole_2.2mm_M2_DIN965_Pad_TopBottom", "value": "MountingHole", "mount_type": "tht", "place": false}, {"pos_x": 115.7, "pos_y": -76.4, "rotation": 0.0, "side": "bottom", "designator": "C5", "mpn": null, "pack": "C_0805_2012Metric", "value": "100uF", "mount_type": "smt", "place": true}, {"pos_x": 115.5, "pos_y": -79.95, "rotation": 0.0, "side": "bottom", "designator": "C9", "mpn": null, "pack": "C_0603_1608Metric", "value": "0.1uF", "mount_type": "smt", "place": true}, {"pos_x": 122.34, "pos_y": -71.73, "rotation": 0.0, "side": "bottom", "designator": "C8", "mpn": null, "pack": "C_0603_1608Metric", "value": "22uF", "mount_type": "smt", "place": true}, {"pos_x": 122.34, "pos_y": -70.27, "rotation": 0.0, "side": "bottom", "designator": "C6", "mpn": null, "pack": "C_0603_1608Metric", "value": "1uF", "mount_type": "smt", "place": true}, {"pos_x": 110.975, "pos_y": -68.88, "rotation": 180.0, "side": "bottom", "designator": "C4", "mpn": null, "pack": "C_0603_1608Metric", "value": "10nF", "mount_type": "smt", "place": true}, {"pos_x": 120.7, "pos_y": -76.4, "rotation": 0.0, "side": "bottom", "designator": "L2", "mpn": null, "pack": "LPS4018", "value": "10uH-LPS4018-103MR", "mount_type": "smt", "place": true}, {"pos_x": 109.58, "pos_y": -81.41, "rotation": 0.0, "side": "bottom", "designator": "R15", "mpn": null, "pack": "R_0603_1608Metric", "value": "DNI (0R)", "mount_type": "smt", "place": true}, {"pos_x": 117.17, "pos_y": -66.6, "rotation": -90.0, "side": "bottom", "designator": "R9", "mpn": null, "pack": "R_0603_1608Metric", "value": "4.53M", "mount_type": "smt", "place": true}, {"pos_x": 119.38, "pos_y": -68.81, "rotation": 180.0, "side": "bottom", "designator": "R11", "mpn": null, "pack": "R_0603_1608Metric", "value": "4.75M", "mount_type": "smt", "place": true}, {"pos_x": 114.25, "pos_y": -66.6, "rotation": -90.0, "side": "bottom", "designator": "R7", "mpn": null, "pack": "R_0603_1608Metric", "value": "374K", "mount_type": "smt", "place": true}, {"pos_x": 119.38, "pos_y": -70.27, "rotation": 0.0, "side": "bottom", "designator": "R4", "mpn": null, "pack": "R_0603_1608Metric", "value": "0R", "mount_type": "smt", "place": true}, {"pos_x": 115.71, "pos_y": -66.6, "rotation": -90.0, "side": "bottom", "designator": "R8", "mpn": null, "pack": "R_0603_1608Metric", "value": "8.25M", "mount_type": "smt", "place": true}, {"pos_x": 110.975, "pos_y": -70.34, "rotation": 180.0, "side": "bottom", "designator": "R14", "mpn": null, "pack": "R_0603_1608Metric", "value": "DNI (0R)", "mount_type": "smt", "place": true}, {"pos_x": 119.38, "pos_y": -67.35, "rotation": 180.0, "side": "bottom", "designator": "R10", "mpn": null, "pack": "R_0603_1608Metric", "value": "8.25M", "mount_type": "smt", "place": true}, {"pos_x": 115.175, "pos_y": -70.775, "rotation": 0.0, "side": "bottom", "designator": "U1", "mpn": null, "pack": "QFN50P350X350X100-21N-D", "value": "BQ25570RGRR", "mount_type": "smt", "place": true}, {"pos_x": 111.27924, "pos_y": -77.78963, "rotation": 0.0, "side": "bottom", "designator": "L1", "mpn": null, "pack": "LPS4018", "value": "22uH-LPS4018-223MR", "mount_type": "smt", "place": true}, {"pos_x": 112.54, "pos_y": -81.41, "rotation": 180.0, "side": "bottom", "designator": "R16", "mpn": null, "pack": "R_0603_1608Metric", "value": "0R", "mount_type": "smt", "place": true}, {"pos_x": 112.79, "pos_y": -66.6, "rotation": 90.0, "side": "bottom", "designator": "R5", "mpn": null, "pack": "R_0603_1608Metric", "value": "7.32M", "mount_type": "smt", "place": true}, {"pos_x": 115.5, "pos_y": -78.3, "rotation": 0.0, "side": "bottom", "designator": "C7", "mpn": null, "pack": "C_0603_1608Metric", "value": "4.7uF", "mount_type": "smt", "place": true}, {"pos_x": 111.33, "pos_y": -66.6, "rotation": 90.0, "side": "bottom", "designator": "R6", "mpn": null, "pack": "R_0603_1608Metric", "value": "5.62M", "mount_type": "smt", "place": true}, {"pos_x": 110.975, "pos_y": -71.8, "rotation": 180.0, "side": "bottom", "designator": "C3", "mpn": null, "pack": "C_0603_1608Metric", "value": "4.7uF", "mount_type": "smt", "place": true}, {"pos_x": 99.17, "pos_y": -86.46, "rotation": 0.0, "side": "bottom", "designator": "TP2", "mpn": null, "pack": "TestPoint_THTPad_D1.0mm_Drill0.5mm", "value": "TP", "mount_type": "tht", "place": false}, {"pos_x": 121.97, "pos_y": -86.46, "rotation": 0.0, "side": "bottom", "designator": "TP3", "mpn": null, "pack": "TestPoint_THTPad_D1.0mm_Drill0.5mm", "value": "TP", "mount_type": "tht", "place": false}, {"pos_x": 93.03, "pos_y": -86.46, "rotation": 0.0, "side": "bottom", "designator": "TP4", "mpn": null, "pack": "TestPoint_THTPad_D1.0mm_Drill0.5mm", "value": "TP", "mount_type": "tht", "place": false}, {"pos_x": 115.83, "pos_y": -86.46, "rotation": 0.0, "side": "bottom", "designator": "TP1", "mpn": null, "pack": "TestPoint_THTPad_D1.0mm_Drill0.5mm", "value": "TP", "mount_type": "tht", "place": false}, {"pos_x": 105.875, "pos_y": -65.85, "rotation": 0.0, "side": "bottom", "designator": "R18", "mpn": null, "pack": "R_0603_1608Metric", "value": "0R", "mount_type": "smt", "place": true}, {"pos_x": 107.525, "pos_y": -65.85, "rotation": 0.0, "side": "bottom", "designator": "R17", "mpn": null, "pack": "R_0603_1608Metric", "value": "0R", "mount_type": "smt", "place": true}, {"pos_x": 107.525, "pos_y": -67.35, "rotation": 0.0, "side": "bottom", "designator": "R12", "mpn": null, "pack": "R_0603_1608Metric", "value": "0R", "mount_type": "smt", "place": true}, {"pos_x": 105.875, "pos_y": -67.35, "rotation": 0.0, "side": "bottom", "designator": "R13", "mpn": null, "pack": "R_0603_1608Metric", "value": "0R", "mount_type": "smt", "place": true}, {"pos_x": 110.74, "pos_y": -74.69, "rotation": 0.0, "side": "bottom", "designator": "D1", "mpn": null, "pack": "D_SOD-523", "value": "SZMM5Z5V1T1G", "mount_type": "smt", "place": true}, {"pos_x": 107.0, "pos_y": -44.5, "rotation": 180.0, "side": "bottom", "designator": "Ref**", "mpn": null, "pack": "pycubed_mini_half", "value": "Val**", "mount_type": "tht", "place": false}, {"pos_x": 99.02, "pos_y": -80.805, "rotation": -90.0, "side": "bottom", "designator": "R22", "mpn": null, "pack": "R_0603_1608Metric", "value": "100K", "mount_type": "smt", "place": true}, {"pos_x": 101.29, "pos_y": -77.155, "rotation": 0.0, "side": "bottom", "designator": "R26", "mpn": null, "pack": "R_0603_1608Metric", "value": "680R", "mount_type": "smt", "place": true}, {"pos_x": 99.6, "pos_y": -66.4, "rotation": 180.0, "side": "bottom", "designator": "D3", "mpn": null, "pack": "D_PowerDI-123", "value": "DFLS130L-7", "mount_type": "smt", "place": true}, {"pos_x": 118.175, "pos_y": -80.5, "rotation": -90.0, "side": "bottom", "designator": "C11", "mpn": null, "pack": "C_0603_1608Metric", "value": "0.1uF", "mount_type": "smt", "place": true}, {"pos_x": 106.4, "pos_y": -74.7, "rotation": 180.0, "side": "bottom", "designator": "D2", "mpn": null, "pack": "D_PowerDI-123", "value": "DFLS130L-7", "mount_type": "smt", "place": true}, {"pos_x": 93.605, "pos_y": -77.175, "rotation": 0.0, "side": "bottom", "designator": "R21", "mpn": null, "pack": "R_0603_1608Metric", "value": "680R", "mount_type": "smt", "place": true}, {"pos_x": 106.7, "pos_y": -77.835, "rotation": 90.0, "side": "bottom", "designator": "R20", "mpn": null, "pack": "R_0603_1608Metric", "value": "DNI (0R)", "mount_type": "smt", "place": true}, {"pos_x": 93.605, "pos_y": -81.555, "rotation": 180.0, "side": "bottom", "designator": "C12", "mpn": null, "pack": "C_0603_1608Metric", "value": "10nF", "mount_type": "smt", "place": true}, {"pos_x": 106.7, "pos_y": -80.795, "rotation": -90.0, "side": "bottom", "designator": "R27", "mpn": null, "pack": "R_0603_1608Metric", "value": "100K", "mount_type": "smt", "place": true}, {"pos_x": 99.02, "pos_y": -77.845, "rotation": 90.0, "side": "bottom", "designator": "R19", "mpn": null, "pack": "R_0603_1608Metric", "value": "DNI (0R)", "mount_type": "smt", "place": true}, {"pos_x": 93.605, "pos_y": -80.095, "rotation": 0.0, "side": "bottom", "designator": "R23", "mpn": null, "pack": "R_0603_1608Metric", "value": "10K", "mount_type": "smt", "place": true}, {"pos_x": 101.29, "pos_y": -78.615, "rotation": 0.0, "side": "bottom", "designator": "R30", "mpn": null, "pack": "R_0603_1608Metric", "value": "200K", "mount_type": "smt", "place": true}, {"pos_x": 93.605, "pos_y": -75.715, "rotation": 0.0, "side": "bottom", "designator": "R24", "mpn": null, "pack": "R_0603_1608Metric", "value": "10K", "mount_type": "smt", "place": true}, {"pos_x": 104.37, "pos_y": -80.865, "rotation": 180.0, "side": "bottom", "designator": "Q3", "mpn": null, "pack": "SOT-363_SC-70-6", "value": "NX3008NBKS", "mount_type": "smt", "place": true}, {"pos_x": 84.5, "pos_y": -44.3, "rotation": 180.0, "side": "bottom", "designator": "REF**", "mpn": null, "pack": "Fiducial_1mm_Mask2mm", "value": "Fiducial_1mm_Mask2mm", "mount_type": "smt", "place": false}, {"pos_x": 93.605, "pos_y": -78.635, "rotation": 0.0, "side": "bottom", "designator": "R25", "mpn": null, "pack": "R_0603_1608Metric", "value": "200K", "mount_type": "smt", "place": true}, {"pos_x": 96.69, "pos_y": -78.025, "rotation": 180.0, "side": "bottom", "designator": "Q2", "mpn": null, "pack": "SOT-363_SC-70-6", "value": "MBT2222ADW1T1", "mount_type": "smt", "place": true}, {"pos_x": 101.29, "pos_y": -75.695, "rotation": 0.0, "side": "bottom", "designator": "R29", "mpn": null, "pack": "R_0603_1608Metric", "value": "10K", "mount_type": "smt", "place": true}, {"pos_x": 96.69, "pos_y": -80.885, "rotation": 180.0, "side": "bottom", "designator": "Q1", "mpn": null, "pack": "SOT-363_SC-70-6", "value": "NX3008NBKS", "mount_type": "smt", "place": true}, {"pos_x": 121.0375, "pos_y": -80.55, "rotation": 180.0, "side": "bottom", "designator": "U3", "mpn": null, "pack": "SOT-23-5", "value": "MAX40200AUK", "mount_type": "smt", "place": true}, {"pos_x": 93.62, "pos_y": -65.87, "rotation": 0.0, "side": "bottom", "designator": "R3", "mpn": null, "pack": "R_0603_1608Metric", "value": "0R", "mount_type": "smt", "place": true}, {"pos_x": 128.9, "pos_y": -88.7, "rotation": 180.0, "side": "bottom", "designator": "REF**", "mpn": null, "pack": "Fiducial_1mm_Mask2mm", "value": "Fiducial_1mm_Mask2mm", "mount_type": "smt", "place": false}, {"pos_x": 110.975, "pos_y": -73.26, "rotation": 0.0, "side": "bottom", "designator": "C2", "mpn": null, "pack": "C_0603_1608Metric", "value": "0.1uF", "mount_type": "smt", "place": true}, {"pos_x": 104.37, "pos_y": -78.005, "rotation": 180.0, "side": "bottom", "designator": "Q4", "mpn": null, "pack": "SOT-363_SC-70-6", "value": "MBT2222ADW1T1", "mount_type": "smt", "place": true}, {"pos_x": 101.29, "pos_y": -81.535, "rotation": 180.0, "side": "bottom", "designator": "C13", "mpn": null, "pack": "C_0603_1608Metric", "value": "10nF", "mount_type": "smt", "place": true}, {"pos_x": 101.29, "pos_y": -80.075, "rotation": 0.0, "side": "bottom", "designator": "R28", "mpn": null, "pack": "R_0603_1608Metric", "value": "10K", "mount_type": "smt", "place": true}, {"pos_x": 122.34, "pos_y": -73.19, "rotation": 0.0, "side": "bottom", "designator": "C10", "mpn": null, "pack": "C_0603_1608Metric", "value": "0.1uF", "mount_type": "smt", "place": true}, {"pos_x": 128.9, "pos_y": -44.3, "rotation": 180.0, "side": "bottom", "designator": "REF**", "mpn": null, "pack": "Fiducial_1mm_Mask2mm", "value": "Fiducial_1mm_Mask2mm", "mount_type": "smt", "place": false}, {"pos_x": 96.8, "pos_y": -71.36, "rotation": 180.0, "side": "bottom", "designator": "J1", "mpn": null, "pack": "SAMTEC-FTS-105-01-X-DV-A", "value": "FTS-105-01-X-DV-A", "mount_type": "tht", "place": true}, {"pos_x": 103.3, "pos_y": -70.6, "rotation": 0.0, "side": "bottom", "designator": "D4", "mpn": null, "pack": "D_PowerDI-123", "value": "DFLS130L-7", "mount_type": "smt", "place": true}]