[{"pos_x": 132.078198, "pos_y": -41.18868, "rotation": -90.0, "side": "top", "designator": "SC5", "mpn": null, "pack": "KXOB25-05X3F", "value": "SolarCell_Small", "mount_type": "smt", "place": true}, {"pos_x": 132.078198, "pos_y": -65.81042, "rotation": -90.0, "side": "top", "designator": "SC1", "mpn": null, "pack": "KXOB25-05X3F", "value": "SolarCell_Small", "mount_type": "smt", "place": true}, {"pos_x": 115.578598, "pos_y": -65.81042, "rotation": -90.0, "side": "top", "designator": "SC3", "mpn": null, "pack": "KXOB25-05X3F", "value": "SolarCell_Small", "mount_type": "smt", "place": true}, {"pos_x": 95.402, "pos_y": -61.57, "rotation": 0.0, "side": "top", "designator": "R2", "mpn": null, "pack": "R_0402_1005Metric", "value": "0R", "mount_type": "smt", "place": true}, {"pos_x": 96.4216, "pos_y": -61.57, "rotation": 0.0, "side": "top", "designator": "R1", "mpn": null, "pack": "R_0402_1005Metric", "value": "0R", "mount_type": "smt", "place": true}, {"pos_x": 95.9066, "pos_y": -60.64, "rotation": 0.0, "side": "top", "designator": "C1", "mpn": null, "pack": "C_0402_1005Metric", "value": "0.1uF", "mount_type": "smt", "place": true}, {"pos_x": 74.488598, "pos_y": -36.4996, "rotation": 0.0, "side": "top", "designator": "REF**", "mpn": null, "pack": "Fiducial_1mm_Mask2mm", "value": "Fiducial_1mm_Mask2mm", "mount_type": "smt", "place": false}, {"pos_x": 135.463598, "pos_y": -36.4996, "rotation": 0.0, "side": "top", "designator": "REF**", "mpn": null, "pack": "Fiducial_1mm_Mask2mm", "value": "Fiducial_1mm_Mask2mm", "mount_type": "smt", "place": false}, {"pos_x": 135.463598, "pos_y": -91.4996, "rotation": 0.0, "side": "top", "designator": "REF**", "mpn": null, "pack": "Fiducial_1mm_Mask2mm", "value": "Fiducial_1mm_Mask2mm", "mount_type": "smt", "place": false}, {"pos_x": 115.578598, "pos_y": -41.18868, "rotation": -90.0, "side": "top", "designator": "SC6", "mpn": null, "pack": "KXOB25-05X3F", "value": "SolarCell_Small", "mount_type": "smt", "place": true}, {"pos_x": 100.188598, "pos_y": -74.31786, "rotation": 180.0, "side": "top", "designator": "SW2", "mpn": null, "pack": "D2F-L2-A", "value": "D2F-L2-A", "mount_type": "tht", "place": true}, {"pos_x": 124.883602, "pos_y": -83.899593, "rotation": 0.0, "side": "top", "designator": "H3", "mpn": null, "pack": "MountingHole_3.2mm_M3_DIN965_Pad_TopBottom", "value": "MountingHole", "mount_type": "tht", "place": false}, {"pos_x": 77.866598, "pos_y": -41.18868, "rotation": -90.0, "side": "top", "designator": "SC8", "mpn": null, "pack": "KXOB25-05X3F", "value": "SolarCell_Small", "mount_type": "smt", "place": true}, {"pos_x": 86.116598, "pos_y": -53.4996, "rotation": -90.0, "side": "top", "designator": "SC7", "mpn": null, "pack": "KXOB25-05X3F", "value": "SolarCell_Small", "mount_type": "smt", "place": true}, {"pos_x": 123.925, "pos_y": -87.6571, "rotation": 0.0, "side": "top", "designator": "Ref**", "mpn": null, "pack": "ypanel", "value": "Val**", "mount_type": "tht", "place": false}, {"pos_x": 123.828598, "pos_y": -53.4996, "rotation": -90.0, "side": "top", "designator": "SC2", "mpn": null, "pack": "KXOB25-05X3F", "value": "SolarCell_Small", "mount_type": "smt", "place": true}, {"pos_x": 100.188598, "pos_y": -53.6806, "rotation": 0.0, "side": "top", "designator": "SW1", "mpn": null, "pack": "D2F-L2-A1", "value": "D2F-L2-A1", "mount_type": "tht", "place": true}, {"pos_x": 95.912, "pos_y": -64.0, "rotation": -90.0, "side": "top", "designator": "U2", "mpn": null, "pack": "OPT3001", "value": "OPT3001", "mount_type": "smt", "place": true}, {"pos_x": 77.866598, "pos_y": -65.81042, "rotation": -90.0, "side": "top", "designator": "SC4", "mpn": null, "pack": "KXOB25-05X3F", "value": "SolarCell_Small", "mount_type": "smt", "place": true}, {"pos_x": 85.061406, "pos_y": -44.099596, "rotation": 0.0, "side": "top", "designator": "H1", "mpn": null, "pack": "MountingHole_3.2mm_M3_DIN965_Pad_TopBottom", "value": "MountingHole", "mount_type": "tht", "place": false}, {"pos_x": 85.06359, "pos_y": -83.899593, "rotation": 0.0, "side": "top", "designator": "H2", "mpn": null, "pack": "MountingHole_3.2mm_M3_DIN965_Pad_TopBottom", "value": "MountingHole", "mount_type": "tht", "place": false}, {"pos_x": 124.883602, "pos_y": -44.102085, "rotation": 0.0, "side": "top", "designator": "H4", "mpn": null, "pack": "MountingHole_3.2mm_M3_DIN965_Pad_TopBottom", "value": "MountingHole", "mount_type": "tht", "place": false}, {"pos_x": 91.73125, "pos_y": -63.27, "rotation": 0.0, "side": "bottom", "designator": "R12", "mpn": null, "pack": "R_0603_1608Metric", "value": "0R", "mount_type": "smt", "place": true}, {"pos_x": 90.07625, "pos_y": -63.27, "rotation": 0.0, "side": "bottom", "designator": "R13", "mpn": null, "pack": "R_0603_1608Metric", "value": "0R", "mount_type": "smt", "place": true}, {"pos_x": 91.73125, "pos_y": -64.73, "rotation": 0.0, "side": "bottom", "designator": "R17", "mpn": null, "pack": "R_0603_1608Metric", "value": "0R", "mount_type": "smt", "place": true}, {"pos_x": 90.07625, "pos_y": -64.73, "rotation": 0.0, "side": "bottom", "designator": "R18", "mpn": null, "pack": "R_0603_1608Metric", "value": "0R", "mount_type": "smt", "place": true}, {"pos_x": 97.6122, "pos_y": -74.3204, "rotation": 0.0, "side": "bottom", "designator": "R31", "mpn": null, "pack": "R_0603_1608Metric", "value": "0R", "mount_type": "smt", "place": true}, {"pos_x": 135.463598, "pos_y": -91.4996, "rotation": 0.0, "side": "bottom", "designator": "REF**", "mpn": null, "pack": "Fiducial_1mm_Mask2mm", "value": "Fiducial_1mm_Mask2mm", "mount_type": "smt", "place": false}, {"pos_x": 135.463598, "pos_y": -36.4996, "rotation": 0.0, "side": "bottom", "designator": "REF**", "mpn": null, "pack": "Fiducial_1mm_Mask2mm", "value": "Fiducial_1mm_Mask2mm", "mount_type": "smt", "place": false}, {"pos_x": 74.488598, "pos_y": -36.4996, "rotation": 0.0, "side": "bottom", "designator": "REF**", "mpn": null, "pack": "Fiducial_1mm_Mask2mm", "value": "Fiducial_1mm_Mask2mm", "mount_type": "smt", "place": false}, {"pos_x": 122.86, "pos_y": -51.56, "rotation": 180.0, "side": "bottom", "designator": "R7", "mpn": null, "pack": "R_0603_1608Metric", "value": "374K", "mount_type": "smt", "place": true}, {"pos_x": 122.86, "pos_y": -54.48, "rotation": 180.0, "side": "bottom", "designator": "R9", "mpn": null, "pack": "R_0603_1608Metric", "value": "4.53M", "mount_type": "smt", "place": true}, {"pos_x": 120.527998, "pos_y": -47.88965, "rotation": 90.0, "side": "bottom", "designator": "C4", "mpn": null, "pack": "C_0603_1608Metric", "value": "10nF", "mount_type": "smt", "place": true}, {"pos_x": 119.067998, "pos_y": -47.88965, "rotation": 90.0, "side": "bottom", "designator": "R14", "mpn": null, "pack": "R_0603_1608Metric", "value": "DNI (0R)", "mount_type": "smt", "place": true}, {"pos_x": 117.607998, "pos_y": -47.88965, "rotation": 90.0, "side": "bottom", "designator": "C3", "mpn": null, "pack": "C_0603_1608Metric", "value": "4.7uF", "mount_type": "smt", "place": true}, {"pos_x": 122.86, "pos_y": -50.1, "rotation": 0.0, "side": "bottom", "designator": "R5", "mpn": null, "pack": "R_0603_1608Metric", "value": "7.32M", "mount_type": "smt", "place": true}, {"pos_x": 118.572042, "pos_y": -52.16671, "rotation": -90.0, "side": "bottom", "designator": "U1", "mpn": null, "pack": "QFN50P350X350X100-21N-D", "value": "BQ25570RGRR", "mount_type": "smt", "place": true}, {"pos_x": 122.86, "pos_y": -48.64, "rotation": 0.0, "side": "bottom", "designator": "R6", "mpn": null, "pack": "R_0603_1608Metric", "value": "5.62M", "mount_type": "smt", "place": true}, {"pos_x": 111.483598, "pos_y": -48.06005, "rotation": -90.0, "side": "bottom", "designator": "L1", "mpn": null, "pack": "LPS4018", "value": "22uH-LPS4018-223MR", "mount_type": "smt", "place": true}, {"pos_x": 113.09, "pos_y": -56.72, "rotation": -90.0, "side": "bottom", "designator": "L2", "mpn": null, "pack": "LPS4018", "value": "10uH-LPS4018-103MR", "mount_type": "smt", "place": true}, {"pos_x": 122.86, "pos_y": -53.02, "rotation": 180.0, "side": "bottom", "designator": "R8", "mpn": null, "pack": "R_0603_1608Metric", "value": "8.25M", "mount_type": "smt", "place": true}, {"pos_x": 113.6, "pos_y": -64.0, "rotation": 0.0, "side": "bottom", "designator": "C11", "mpn": null, "pack": "C_0603_1608Metric", "value": "0.1uF", "mount_type": "smt", "place": true}, {"pos_x": 93.0, "pos_y": -60.1, "rotation": 0.0, "side": "bottom", "designator": "TP4", "mpn": null, "pack": "TestPoint_THTPad_D1.0mm_Drill0.5mm", "value": "TP", "mount_type": "tht", "place": false}, {"pos_x": 113.8, "pos_y": -80.17, "rotation": 90.0, "side": "bottom", "designator": "R26", "mpn": null, "pack": "R_0603_1608Metric", "value": "680R", "mount_type": "smt", "place": true}, {"pos_x": 118.18, "pos_y": -80.17, "rotation": -90.0, "side": "bottom", "designator": "C13", "mpn": null, "pack": "C_0603_1608Metric", "value": "10nF", "mount_type": "smt", "place": true}, {"pos_x": 112.287998, "pos_y": -52.47965, "rotation": -90.0, "side": "bottom", "designator": "C9", "mpn": null, "pack": "C_0603_1608Metric", "value": "0.1uF", "mount_type": "smt", "place": true}, {"pos_x": 116.267998, "pos_y": -59.41, "rotation": -90.0, "side": "bottom", "designator": "C10", "mpn": null, "pack": "C_0603_1608Metric", "value": "0.1uF", "mount_type": "smt", "place": true}, {"pos_x": 100.825, "pos_y": -45.7, "rotation": 180.0, "side": "bottom", "designator": "D2", "mpn": null, "pack": "D_PowerDI-123", "value": "DFLS130L-7", "mount_type": "smt", "place": true}, {"pos_x": 116.147998, "pos_y": -47.88965, "rotation": -90.0, "side": "bottom", "designator": "C2", "mpn": null, "pack": "C_0603_1608Metric", "value": "0.1uF", "mount_type": "smt", "place": true}, {"pos_x": 108.143598, "pos_y": -49.6096, "rotation": 90.0, "side": "bottom", "designator": "R16", "mpn": null, "pack": "R_0603_1608Metric", "value": "0R", "mount_type": "smt", "place": true}, {"pos_x": 112.34, "pos_y": -80.17, "rotation": 90.0, "side": "bottom", "designator": "R29", "mpn": null, "pack": "R_0603_1608Metric", "value": "10K", "mount_type": "smt", "place": true}, {"pos_x": 114.47, "pos_y": -74.76, "rotation": 180.0, "side": "bottom", "designator": "R20", "mpn": null, "pack": "R_0603_1608Metric", "value": "DNI (0R)", "mount_type": "smt", "place": true}, {"pos_x": 93.0, "pos_y": -67.9, "rotation": 180.0, "side": "bottom", "designator": "TP2", "mpn": null, "pack": "TestPoint_THTPad_D1.0mm_Drill0.5mm", "value": "TP", "mount_type": "tht", "place": false}, {"pos_x": 75.675, "pos_y": -71.0, "rotation": -90.0, "side": "bottom", "designator": "J2", "mpn": null, "pack": "JST_SH_BM02B-SRSS-TB_1x02-1MP_P1.00mm_Vertical", "value": "BM02B-SRSS-TB", "mount_type": "smt", "place": true}, {"pos_x": 107.59, "pos_y": -72.045, "rotation": 90.0, "side": "bottom", "designator": "C12", "mpn": null, "pack": "C_0603_1608Metric", "value": "10nF", "mount_type": "smt", "place": true}, {"pos_x": 77.0, "pos_y": -75.7, "rotation": 180.0, "side": "bottom", "designator": "TP6", "mpn": null, "pack": "TestPoint_Pad_D1.5mm", "value": "TP", "mount_type": "tht", "place": false}, {"pos_x": 111.06, "pos_y": -75.125, "rotation": 90.0, "side": "bottom", "designator": "Q2", "mpn": null, "pack": "SOT-363_SC-70-6", "value": "MBT2222ADW1T1", "mount_type": "smt", "place": true}, {"pos_x": 114.427998, "pos_y": -52.47965, "rotation": -90.0, "side": "bottom", "designator": "C5", "mpn": null, "pack": "C_0805_2012Metric", "value": "100uF", "mount_type": "smt", "place": true}, {"pos_x": 119.187998, "pos_y": -56.44965, "rotation": -90.0, "side": "bottom", "designator": "R4", "mpn": null, "pack": "R_0603_1608Metric", "value": "0R", "mount_type": "smt", "place": true}, {"pos_x": 111.97, "pos_y": -72.045, "rotation": -90.0, "side": "bottom", "designator": "R21", "mpn": null, "pack": "R_0603_1608Metric", "value": "680R", "mount_type": "smt", "place": true}, {"pos_x": 106.673598, "pos_y": -49.6096, "rotation": 90.0, "side": "bottom", "designator": "R15", "mpn": null, "pack": "R_0603_1608Metric", "value": "DNI (0R)", "mount_type": "smt", "place": true}, {"pos_x": 106.0, "pos_y": -85.6146, "rotation": 180.0, "side": "bottom", "designator": "Ref**", "mpn": null, "pack": "pycubed_mini_half", "value": "Val**", "mount_type": "tht", "place": false}, {"pos_x": 114.71, "pos_y": -77.09, "rotation": -90.0, "side": "bottom", "designator": "Q4", "mpn": null, "pack": "SOT-363_SC-70-6", "value": "MBT2222ADW1T1", "mount_type": "smt", "place": true}, {"pos_x": 77.0, "pos_y": -66.3, "rotation": 180.0, "side": "bottom", "designator": "TP5", "mpn": null, "pack": "TestPoint_Pad_D1.5mm", "value": "TP", "mount_type": "tht", "place": false}, {"pos_x": 86.9, "pos_y": -58.6, "rotation": -90.0, "side": "bottom", "designator": "D4", "mpn": null, "pack": "D_PowerDI-123", "value": "DFLS130L-7", "mount_type": "smt", "place": true}, {"pos_x": 120.647998, "pos_y": -56.44965, "rotation": 90.0, "side": "bottom", "designator": "R11", "mpn": null, "pack": "R_0603_1608Metric", "value": "4.75M", "mount_type": "smt", "place": true}, {"pos_x": 113.8, "pos_y": -61.2, "rotation": -90.0, "side": "bottom", "designator": "U3", "mpn": null, "pack": "SOT-23-5", "value": "MAX40200AUK", "mount_type": "smt", "place": true}, {"pos_x": 108.34, "pos_y": -77.455, "rotation": 0.0, "side": "bottom", "designator": "R22", "mpn": null, "pack": "R_0603_1608Metric", "value": "100K", "mount_type": "smt", "place": true}, {"pos_x": 108.26, "pos_y": -75.125, "rotation": 90.0, "side": "bottom", "designator": "Q1", "mpn": null, "pack": "SOT-363_SC-70-6", "value": "NX3008NBKS", "mount_type": "smt", "place": true}, {"pos_x": 115.26, "pos_y": -80.17, "rotation": 90.0, "side": "bottom", "designator": "R30", "mpn": null, "pack": "R_0603_1608Metric", "value": "200K", "mount_type": "smt", "place": true}, {"pos_x": 93.0, "pos_y": -53.1246, "rotation": 90.0, "side": "bottom", "designator": "R3", "mpn": null, "pack": "R_0603_1608Metric", "value": "0R", "mount_type": "smt", "place": true}, {"pos_x": 116.72, "pos_y": -80.17, "rotation": 90.0, "side": "bottom", "designator": "R28", "mpn": null, "pack": "R_0603_1608Metric", "value": "10K", "mount_type": "smt", "place": true}, {"pos_x": 117.51, "pos_y": -77.09, "rotation": -90.0, "side": "bottom", "designator": "Q3", "mpn": null, "pack": "SOT-363_SC-70-6", "value": "NX3008NBKS", "mount_type": "smt", "place": true}, {"pos_x": 110.51, "pos_y": -72.045, "rotation": 90.0, "side": "bottom", "designator": "R25", "mpn": null, "pack": "R_0603_1608Metric", "value": "200K", "mount_type": "smt", "place": true}, {"pos_x": 122.86, "pos_y": -55.94, "rotation": 0.0, "side": "bottom", "designator": "R10", "mpn": null, "pack": "R_0603_1608Metric", "value": "8.25M", "mount_type": "smt", "place": true}, {"pos_x": 120.4341, "pos_y": -66.88328, "rotation": -90.0, "side": "bottom", "designator": "J1", "mpn": null, "pack": "SAMTEC-FTS-107-01-X-DV-A", "value": "FTS-107-01-X-DV-A", "mount_type": "tht", "place": true}, {"pos_x": 111.3, "pos_y": -77.455, "rotation": 0.0, "side": "bottom", "designator": "R19", "mpn": null, "pack": "R_0603_1608Metric", "value": "DNI (0R)", "mount_type": "smt", "place": true}, {"pos_x": 117.43, "pos_y": -74.76, "rotation": 180.0, "side": "bottom", "designator": "R27", "mpn": null, "pack": "R_0603_1608Metric", "value": "100K", "mount_type": "smt", "place": true}, {"pos_x": 113.43, "pos_y": -72.045, "rotation": -90.0, "side": "bottom", "designator": "R24", "mpn": null, "pack": "R_0603_1608Metric", "value": "10K", "mount_type": "smt", "place": true}, {"pos_x": 110.441198, "pos_y": -52.47965, "rotation": -90.0, "side": "bottom", "designator": "C7", "mpn": null, "pack": "C_0603_1608Metric", "value": "4.7uF", "mount_type": "smt", "place": true}, {"pos_x": 109.05, "pos_y": -72.045, "rotation": -90.0, "side": "bottom", "designator": "R23", "mpn": null, "pack": "R_0603_1608Metric", "value": "10K", "mount_type": "smt", "place": true}, {"pos_x": 93.0, "pos_y": -70.2, "rotation": 0.0, "side": "bottom", "designator": "TP3", "mpn": null, "pack": "TestPoint_THTPad_D1.0mm_Drill0.5mm", "value": "TP", "mount_type": "tht", "place": false}, {"pos_x": 119.187998, "pos_y": -59.41465, "rotation": -90.0, "side": "bottom", "designator": "C6", "mpn": null, "pack": "C_0603_1608Metric", "value": "1uF", "mount_type": "smt", "place": true}, {"pos_x": 93.0, "pos_y": -57.8, "rotation": 180.0, "side": "bottom", "designator": "TP1", "mpn": null, "pack": "TestPoint_THTPad_D1.0mm_Drill0.5mm", "value": "TP", "mount_type": "tht", "place": false}, {"pos_x": 117.727998, "pos_y": -59.41, "rotation": -90.0, "side": "bottom", "designator": "C8", "mpn": null, "pack": "C_0603_1608Metric", "value": "22uF", "mount_type": "smt", "place": true}, {"pos_x": 114.717998, "pos_y": -47.65965, "rotation": -90.0, "side": "bottom", "designator": "D1", "mpn": null, "pack": "D_SOD-523", "value": "SZMM5Z5V1T1G", "mount_type": "smt", "place": true}, {"pos_x": 89.5, "pos_y": -58.6, "rotation": 90.0, "side": "bottom", "designator": "D3", "mpn": null, "pack": "D_PowerDI-123", "value": "DFLS130L-7", "mount_type": "smt", "place": true}]