[{"pos_x": 170.3, "pos_y": -116.4, "rotation": -90.0, "side": "top", "designator": "H2", "mpn": null, "pack": "MountingHole", "value": "MountingHole_Pad", "mount_type": "tht", "place": false}, {"pos_x": 130.5, "pos_y": -116.4, "rotation": -90.0, "side": "top", "designator": "H3", "mpn": null, "pack": "MountingHole", "value": "MountingHole_Pad", "mount_type": "tht", "place": false}, {"pos_x": 151.1, "pos_y": -76.0, "rotation": 0.0, "side": "top", "designator": "Ref**", "mpn": null, "pack": "pycubed_mini_half", "value": "Val**", "mount_type": "tht", "place": false}, {"pos_x": 166.3, "pos_y": -116.4, "rotation": 0.0, "side": "top", "designator": "REF**", "mpn": null, "pack": "Fiducial_1mm_Mask2mm", "value": "Fiducial_1mm_Mask2mm", "mount_type": "smt", "place": false}, {"pos_x": 166.3, "pos_y": -76.6, "rotation": 0.0, "side": "top", "designator": "REF**", "mpn": null, "pack": "Fiducial_1mm_Mask2mm", "value": "Fiducial_1mm_Mask2mm", "mount_type": "smt", "place": false}, {"pos_x": 134.5, "pos_y": -76.6, "rotation": 0.0, "side": "top", "designator": "REF**", "mpn": null, "pack": "Fiducial_1mm_Mask2mm", "value": "Fiducial_1mm_Mask2mm", "mount_type": "smt", "place": false}, {"pos_x": 150.522, "pos_y": -102.982, "rotation": 0.0, "side": "top", "designator": "G***", "mpn": null, "pack": "logos", "value": "LOGO", "mount_type": "tht", "place": false}, {"pos_x": 130.5, "pos_y": -76.6, "rotation": -90.0, "side": "top", "designator": "H4", "mpn": null, "pack": "MountingHole", "value": "MountingHole_Pad", "mount_type": "tht", "place": false}, {"pos_x": 170.3, "pos_y": -76.6, "rotation": -90.0, "side": "top", "designator": "H1", "mpn": null, "pack": "MountingHole", "value": "MountingHole_Pad", "mount_type": "tht", "place": false}, {"pos_x": 160.132497, "pos_y": -87.400003, "rotation": -90.0, "side": "top", "designator": "J2", "mpn": null, "pack": "SAMTEC_FLE-105-01-X-DV-A", "value": "FLE-105-01-X-DV-A", "mount_type": "tht", "place": true}, {"pos_x": 134.5, "pos_y": -76.6, "rotation": 180.0, "side": "bottom", "designator": "REF**", "mpn": null, "pack": "Fiducial_1mm_Mask2mm", "value": "Fiducial_1mm_Mask2mm", "mount_type": "smt", "place": false}, {"pos_x": 166.3, "pos_y": -76.6, "rotation": 180.0, "side": "bottom", "designator": "REF**", "mpn": null, "pack": "Fiducial_1mm_Mask2mm", "value": "Fiducial_1mm_Mask2mm", "mount_type": "smt", "place": false}, {"pos_x": 131.377995, "pos_y": -86.91499, "rotation": -90.0, "side": "bottom", "designator": "J1", "mpn": null, "pack": "SAMTEC_FLE-107-01-X-DV-A", "value": "FLE-107-01-X-DV-A", "mount_type": "tht", "place": true}, {"pos_x": 166.3, "pos_y": -116.4, "rotation": 180.0, "side": "bottom", "designator": "REF**", "mpn": null, "pack": "Fiducial_1mm_Mask2mm", "value": "Fiducial_1mm_Mask2mm", "mount_type": "smt", "place": false}]