[{"pos_x": 83.89, "pos_y": -78.65, "rotation": 0.0, "side": "top", "designator": "SC3", "mpn": null, "pack": "KXOB25-05X3F", "value": "SolarCell_Small", "mount_type": "smt", "place": true}, {"pos_x": 108.51, "pos_y": -70.4, "rotation": 0.0, "side": "top", "designator": "SC2", "mpn": null, "pack": "KXOB25-05X3F", "value": "SolarCell_Small", "mount_type": "smt", "place": true}, {"pos_x": 110.035797, "pos_y": -45.33, "rotation": -90.0, "side": "top", "designator": "C1", "mpn": null, "pack": "C_0402_1005Metric", "value": "0.1uF", "mount_type": "smt", "place": true}, {"pos_x": 109.1, "pos_y": -45.81, "rotation": -90.0, "side": "top", "designator": "R1", "mpn": null, "pack": "R_0402_1005Metric", "value": "0R", "mount_type": "smt", "place": true}, {"pos_x": 109.1, "pos_y": -44.79, "rotation": -90.0, "side": "top", "designator": "R2", "mpn": null, "pack": "R_0402_1005Metric", "value": "0R", "mount_type": "smt", "place": true}, {"pos_x": 94.1, "pos_y": -45.3, "rotation": 0.0, "side": "top", "designator": "H2", "mpn": null, "pack": "MountingHole_2.2mm_M2_DIN965_Pad_TopBottom", "value": "MountingHole", "mount_type": "tht", "place": false}, {"pos_x": 108.51, "pos_y": -78.65, "rotation": 0.0, "side": "top", "designator": "SC1", "mpn": null, "pack": "KXOB25-05X3F", "value": "SolarCell_Small", "mount_type": "smt", "place": true}, {"pos_x": 106.08, "pos_y": -86.5632, "rotation": 0.0, "side": "top", "designator": "Ref**", "mpn": null, "pack": "ypanel", "value": "Val**", "mount_type": "tht", "place": false}, {"pos_x": 83.89, "pos_y": -70.4, "rotation": 0.0, "side": "top", "designator": "SC4", "mpn": null, "pack": "KXOB25-05X3F", "value": "SolarCell_Small", "mount_type": "smt", "place": true}, {"pos_x": 106.7, "pos_y": -48.5, "rotation": 180.0, "side": "top", "designator": "R34", "mpn": null, "pack": "R_1206_3216Metric", "value": "1R", "mount_type": "smt", "place": true}, {"pos_x": 105.24, "pos_y": -62.15, "rotation": 180.0, "side": "top", "designator": "JP1", "mpn": null, "pack": "Burn-Wire", "value": "BurnWire", "mount_type": "tht", "place": true}, {"pos_x": 120.900012, "pos_y": -87.700002, "rotation": 0.0, "side": "top", "designator": "H4", "mpn": null, "pack": "MountingHole_2.2mm_M2_DIN965_Pad_TopBottom", "value": "MountingHole", "mount_type": "tht", "place": false}, {"pos_x": 108.16, "pos_y": -53.9, "rotation": 180.0, "side": "top", "designator": "JP2", "mpn": null, "pack": "Burn-Wire", "value": "BurnWire", "mount_type": "tht", "place": true}, {"pos_x": 94.09999, "pos_y": -87.700002, "rotation": 0.0, "side": "top", "designator": "H3", "mpn": null, "pack": "MountingHole_2.2mm_M2_DIN965_Pad_TopBottom", "value": "MountingHole", "mount_type": "tht", "place": false}, {"pos_x": 128.9, "pos_y": -88.7, "rotation": 0.0, "side": "top", "designator": "REF**", "mpn": null, "pack": "Fiducial_0.75mm_Mask1.5mm", "value": "Fiducial_0.75mm_Mask1.5mm", "mount_type": "smt", "place": false}, {"pos_x": 104.89, "pos_y": -53.9, "rotation": 180.0, "side": "top", "designator": "H6", "mpn": null, "pack": "Antenna Mount", "value": "MountingHole_Pad", "mount_type": "smt", "place": false}, {"pos_x": 128.9, "pos_y": -44.3, "rotation": 0.0, "side": "top", "designator": "REF**", "mpn": null, "pack": "Fiducial_0.75mm_Mask1.5mm", "value": "Fiducial_0.75mm_Mask1.5mm", "mount_type": "smt", "place": false}, {"pos_x": 84.5, "pos_y": -44.3, "rotation": 0.0, "side": "top", "designator": "REF**", "mpn": null, "pack": "Fiducial_0.75mm_Mask1.5mm", "value": "Fiducial_0.75mm_Mask1.5mm", "mount_type": "smt", "place": false}, {"pos_x": 108.51, "pos_y": -62.15, "rotation": 0.0, "side": "top", "designator": "H5", "mpn": null, "pack": "Antenna Mount", "value": "MountingHole_Pad", "mount_type": "smt", "place": false}, {"pos_x": 106.7, "pos_y": -45.3, "rotation": 180.0, "side": "top", "designator": "U2", "mpn": null, "pack": "OPT3001", "value": "OPT3001", "mount_type": "smt", "place": true}, {"pos_x": 120.900012, "pos_y": -45.300011, "rotation": 0.0, "side": "top", "designator": "H1", "mpn": null, "pack": "MountingHole_2.2mm_M2_DIN965_Pad_TopBottom", "value": "MountingHole", "mount_type": "tht", "place": false}, {"pos_x": 117.125195, "pos_y": -52.6436, "rotation": 180.0, "side": "bottom", "designator": "C5", "mpn": null, "pack": "C_0805_2012Metric", "value": "100uF", "mount_type": "smt", "place": true}, {"pos_x": 117.135195, "pos_y": -49.16, "rotation": 180.0, "side": "bottom", "designator": "C9", "mpn": null, "pack": "C_0603_1608Metric", "value": "0.1uF", "mount_type": "smt", "place": true}, {"pos_x": 110.83, "pos_y": -56.26, "rotation": 180.0, "side": "bottom", "designator": "C8", "mpn": null, "pack": "C_0603_1608Metric", "value": "22uF", "mount_type": "smt", "place": true}, {"pos_x": 110.835, "pos_y": -57.72, "rotation": 180.0, "side": "bottom", "designator": "C6", "mpn": null, "pack": "C_0603_1608Metric", "value": "1uF", "mount_type": "smt", "place": true}, {"pos_x": 122.380195, "pos_y": -59.6736, "rotation": 0.0, "side": "bottom", "designator": "C4", "mpn": null, "pack": "C_0603_1608Metric", "value": "10nF", "mount_type": "smt", "place": true}, {"pos_x": 113.057284, "pos_y": -50.676056, "rotation": 180.0, "side": "bottom", "designator": "L2", "mpn": null, "pack": "LPS4018", "value": "10uH-LPS4018-103MR", "mount_type": "smt", "place": true}, {"pos_x": 121.67, "pos_y": -61.89, "rotation": 90.0, "side": "bottom", "designator": "R15", "mpn": null, "pack": "R_0603_1608Metric", "value": "DNI (0R)", "mount_type": "smt", "place": true}, {"pos_x": 121.67, "pos_y": -64.855, "rotation": 90.0, "side": "bottom", "designator": "R9", "mpn": null, "pack": "R_0603_1608Metric", "value": "4.53M", "mount_type": "smt", "place": true}, {"pos_x": 113.8, "pos_y": -59.18, "rotation": 0.0, "side": "bottom", "designator": "R11", "mpn": null, "pack": "R_0603_1608Metric", "value": "4.75M", "mount_type": "smt", "place": true}, {"pos_x": 111.59, "pos_y": -61.63, "rotation": -90.0, "side": "bottom", "designator": "R7", "mpn": null, "pack": "R_0603_1608Metric", "value": "374K", "mount_type": "smt", "place": true}, {"pos_x": 113.8, "pos_y": -57.72, "rotation": 180.0, "side": "bottom", "designator": "R4", "mpn": null, "pack": "R_0603_1608Metric", "value": "0R", "mount_type": "smt", "place": true}, {"pos_x": 115.26, "pos_y": -60.86, "rotation": 0.0, "side": "bottom", "designator": "R8", "mpn": null, "pack": "R_0603_1608Metric", "value": "8.25M", "mount_type": "smt", "place": true}, {"pos_x": 122.380195, "pos_y": -58.2136, "rotation": 0.0, "side": "bottom", "designator": "R14", "mpn": null, "pack": "R_0603_1608Metric", "value": "DNI (0R)", "mount_type": "smt", "place": true}, {"pos_x": 113.05, "pos_y": -61.63, "rotation": -90.0, "side": "bottom", "designator": "R10", "mpn": null, "pack": "R_0603_1608Metric", "value": "8.25M", "mount_type": "smt", "place": true}, {"pos_x": 118.090195, "pos_y": -57.5436, "rotation": 180.0, "side": "bottom", "designator": "U1", "mpn": null, "pack": "QFN50P350X350X100-21N-D", "value": "BQ25570RGRR", "mount_type": "smt", "place": true}, {"pos_x": 121.467284, "pos_y": -50.676056, "rotation": 180.0, "side": "bottom", "designator": "L1", "mpn": null, "pack": "LPS4018", "value": "22uH-LPS4018-223MR", "mount_type": "smt", "place": true}, {"pos_x": 123.13, "pos_y": -61.89, "rotation": 90.0, "side": "bottom", "designator": "R16", "mpn": null, "pack": "R_0603_1608Metric", "value": "0R", "mount_type": "smt", "place": true}, {"pos_x": 115.26, "pos_y": -62.38, "rotation": 180.0, "side": "bottom", "designator": "R5", "mpn": null, "pack": "R_0603_1608Metric", "value": "7.32M", "mount_type": "smt", "place": true}, {"pos_x": 117.135195, "pos_y": -50.78, "rotation": 180.0, "side": "bottom", "designator": "C7", "mpn": null, "pack": "C_0603_1608Metric", "value": "4.7uF", "mount_type": "smt", "place": true}, {"pos_x": 123.13, "pos_y": -64.855, "rotation": 90.0, "side": "bottom", "designator": "R6", "mpn": null, "pack": "R_0603_1608Metric", "value": "5.62M", "mount_type": "smt", "place": true}, {"pos_x": 122.380195, "pos_y": -55.2936, "rotation": 180.0, "side": "bottom", "designator": "C2", "mpn": null, "pack": "C_0603_1608Metric", "value": "0.1uF", "mount_type": "smt", "place": true}, {"pos_x": 122.380195, "pos_y": -56.7536, "rotation": 0.0, "side": "bottom", "designator": "C3", "mpn": null, "pack": "C_0603_1608Metric", "value": "4.7uF", "mount_type": "smt", "place": true}, {"pos_x": 97.3, "pos_y": -89.1, "rotation": 0.0, "side": "bottom", "designator": "TP2", "mpn": null, "pack": "TestPoint_THTPad_D1.0mm_Drill0.5mm", "value": "TP", "mount_type": "tht", "place": false}, {"pos_x": 123.9, "pos_y": -89.1, "rotation": 0.0, "side": "bottom", "designator": "TP3", "mpn": null, "pack": "TestPoint_THTPad_D1.0mm_Drill0.5mm", "value": "TP", "mount_type": "tht", "place": false}, {"pos_x": 90.9, "pos_y": -89.1, "rotation": 0.0, "side": "bottom", "designator": "TP4", "mpn": null, "pack": "TestPoint_THTPad_D1.0mm_Drill0.5mm", "value": "TP", "mount_type": "tht", "place": false}, {"pos_x": 117.9, "pos_y": -89.1, "rotation": 0.0, "side": "bottom", "designator": "TP1", "mpn": null, "pack": "TestPoint_THTPad_D1.0mm_Drill0.5mm", "value": "TP", "mount_type": "tht", "place": false}, {"pos_x": 105.87, "pos_y": -70.49, "rotation": 0.0, "side": "bottom", "designator": "R18", "mpn": null, "pack": "R_0603_1608Metric", "value": "0R", "mount_type": "smt", "place": true}, {"pos_x": 107.52, "pos_y": -70.49, "rotation": 0.0, "side": "bottom", "designator": "R17", "mpn": null, "pack": "R_0603_1608Metric", "value": "0R", "mount_type": "smt", "place": true}, {"pos_x": 107.52, "pos_y": -71.95, "rotation": 0.0, "side": "bottom", "designator": "R12", "mpn": null, "pack": "R_0603_1608Metric", "value": "0R", "mount_type": "smt", "place": true}, {"pos_x": 105.87, "pos_y": -71.95, "rotation": 0.0, "side": "bottom", "designator": "R13", "mpn": null, "pack": "R_0603_1608Metric", "value": "0R", "mount_type": "smt", "place": true}, {"pos_x": 122.5, "pos_y": -53.8636, "rotation": 180.0, "side": "bottom", "designator": "D1", "mpn": null, "pack": "D_SOD-523", "value": "SZMM5Z5V1T1G", "mount_type": "smt", "place": true}, {"pos_x": 123.13, "pos_y": -81.155, "rotation": 90.0, "side": "bottom", "designator": "R22", "mpn": null, "pack": "R_0603_1608Metric", "value": "100K", "mount_type": "smt", "place": true}, {"pos_x": 107.525, "pos_y": -77.525, "rotation": 0.0, "side": "bottom", "designator": "R26", "mpn": null, "pack": "R_0603_1608Metric", "value": "680R", "mount_type": "smt", "place": true}, {"pos_x": 101.8, "pos_y": -51.5, "rotation": -90.0, "side": "bottom", "designator": "C11", "mpn": null, "pack": "C_0603_1608Metric", "value": "0.1uF", "mount_type": "smt", "place": true}, {"pos_x": 128.9, "pos_y": -44.3, "rotation": 180.0, "side": "bottom", "designator": "REF**", "mpn": null, "pack": "Fiducial_0.75mm_Mask1.5mm", "value": "Fiducial_0.75mm_Mask1.5mm", "mount_type": "smt", "place": false}, {"pos_x": 117.72, "pos_y": -77.525, "rotation": 0.0, "side": "bottom", "designator": "R21", "mpn": null, "pack": "R_0603_1608Metric", "value": "680R", "mount_type": "smt", "place": true}, {"pos_x": 113.0, "pos_y": -78.19, "rotation": 90.0, "side": "bottom", "designator": "R20", "mpn": null, "pack": "R_0603_1608Metric", "value": "DNI (0R)", "mount_type": "smt", "place": true}, {"pos_x": 117.72, "pos_y": -81.905, "rotation": 180.0, "side": "bottom", "designator": "C12", "mpn": null, "pack": "C_0603_1608Metric", "value": "10nF", "mount_type": "smt", "place": true}, {"pos_x": 101.9, "pos_y": -59.6, "rotation": 0.0, "side": "bottom", "designator": "BA1", "mpn": null, "pack": "ATB2012", "value": "ATB2012-50011-T000", "mount_type": "smt", "place": true}, {"pos_x": 113.0, "pos_y": -81.155, "rotation": 90.0, "side": "bottom", "designator": "R27", "mpn": null, "pack": "R_0603_1608Metric", "value": "100K", "mount_type": "smt", "place": true}, {"pos_x": 91.88, "pos_y": -81.11, "rotation": 90.0, "side": "bottom", "designator": "R31", "mpn": null, "pack": "R_0603_1608Metric", "value": "10K", "mount_type": "smt", "place": true}, {"pos_x": 123.13, "pos_y": -78.19, "rotation": 90.0, "side": "bottom", "designator": "R19", "mpn": null, "pack": "R_0603_1608Metric", "value": "DNI (0R)", "mount_type": "smt", "place": true}, {"pos_x": 94.09, "pos_y": -80.37, "rotation": 0.0, "side": "bottom", "designator": "R33", "mpn": null, "pack": "R_0603_1608Metric", "value": "100K", "mount_type": "smt", "place": true}, {"pos_x": 94.09, "pos_y": -81.86, "rotation": 180.0, "side": "bottom", "designator": "R32", "mpn": null, "pack": "R_0603_1608Metric", "value": "4.7K", "mount_type": "smt", "place": true}, {"pos_x": 116.825, "pos_y": -66.65, "rotation": 180.0, "side": "bottom", "designator": "D2", "mpn": null, "pack": "D_PowerDI-123", "value": "DFLS130L-7", "mount_type": "smt", "place": true}, {"pos_x": 117.72, "pos_y": -80.445, "rotation": 0.0, "side": "bottom", "designator": "R23", "mpn": null, "pack": "R_0603_1608Metric", "value": "10K", "mount_type": "smt", "place": true}, {"pos_x": 128.9, "pos_y": -88.7, "rotation": 180.0, "side": "bottom", "designator": "REF**", "mpn": null, "pack": "Fiducial_0.75mm_Mask1.5mm", "value": "Fiducial_0.75mm_Mask1.5mm", "mount_type": "smt", "place": false}, {"pos_x": 84.5, "pos_y": -44.3, "rotation": 180.0, "side": "bottom", "designator": "REF**", "mpn": null, "pack": "Fiducial_0.75mm_Mask1.5mm", "value": "Fiducial_0.75mm_Mask1.5mm", "mount_type": "smt", "place": false}, {"pos_x": 107.525, "pos_y": -78.985, "rotation": 0.0, "side": "bottom", "designator": "R30", "mpn": null, "pack": "R_0603_1608Metric", "value": "200K", "mount_type": "smt", "place": true}, {"pos_x": 117.72, "pos_y": -76.065, "rotation": 0.0, "side": "bottom", "designator": "R24", "mpn": null, "pack": "R_0603_1608Metric", "value": "10K", "mount_type": "smt", "place": true}, {"pos_x": 110.605, "pos_y": -81.235, "rotation": 180.0, "side": "bottom", "designator": "Q3", "mpn": null, "pack": "SOT-363_SC-70-6", "value": "NX3008NBKS", "mount_type": "smt", "place": true}, {"pos_x": 106.8, "pos_y": -44.6, "rotation": 180.0, "side": "bottom", "designator": "Ref**", "mpn": null, "pack": "pycubed_mini_half", "value": "Val**", "mount_type": "tht", "place": false}, {"pos_x": 95.025, "pos_y": -66.4, "rotation": 0.0, "side": "bottom", "designator": "R3", "mpn": null, "pack": "R_0603_1608Metric", "value": "0R", "mount_type": "smt", "place": true}, {"pos_x": 92.85, "pos_y": -77.71, "rotation": 90.0, "side": "bottom", "designator": "Q5", "mpn": null, "pack": "SOT-23", "value": "IRLML2803", "mount_type": "smt", "place": true}, {"pos_x": 117.72, "pos_y": -78.985, "rotation": 0.0, "side": "bottom", "designator": "R25", "mpn": null, "pack": "R_0603_1608Metric", "value": "200K", "mount_type": "smt", "place": true}, {"pos_x": 97.05, "pos_y": -60.0, "rotation": -90.0, "side": "bottom", "designator": "J2", "mpn": null, "pack": "U.FL-R-SMT-1", "value": "U.FL-R-SMT-1", "mount_type": "smt", "place": true}, {"pos_x": 120.8, "pos_y": -78.435, "rotation": 180.0, "side": "bottom", "designator": "Q2", "mpn": null, "pack": "SOT-363_SC-70-6", "value": "MBT2222ADW1T1", "mount_type": "smt", "place": true}, {"pos_x": 107.525, "pos_y": -76.065, "rotation": 0.0, "side": "bottom", "designator": "R29", "mpn": null, "pack": "R_0603_1608Metric", "value": "10K", "mount_type": "smt", "place": true}, {"pos_x": 120.8, "pos_y": -81.235, "rotation": 180.0, "side": "bottom", "designator": "Q1", "mpn": null, "pack": "SOT-363_SC-70-6", "value": "NX3008NBKS", "mount_type": "smt", "place": true}, {"pos_x": 104.7, "pos_y": -51.3, "rotation": 180.0, "side": "bottom", "designator": "U3", "mpn": null, "pack": "SOT-23-5", "value": "MAX40200AUK", "mount_type": "smt", "place": true}, {"pos_x": 99.7, "pos_y": -79.4, "rotation": 0.0, "side": "bottom", "designator": "Q6", "mpn": null, "pack": "SOIC-8_3.9x4.9mm_P1.27mm", "value": "IRF7404", "mount_type": "smt", "place": true}, {"pos_x": 110.605, "pos_y": -78.435, "rotation": 180.0, "side": "bottom", "designator": "Q4", "mpn": null, "pack": "SOT-363_SC-70-6", "value": "MBT2222ADW1T1", "mount_type": "smt", "place": true}, {"pos_x": 107.525, "pos_y": -81.905, "rotation": 180.0, "side": "bottom", "designator": "C13", "mpn": null, "pack": "C_0603_1608Metric", "value": "10nF", "mount_type": "smt", "place": true}, {"pos_x": 107.525, "pos_y": -80.445, "rotation": 0.0, "side": "bottom", "designator": "R28", "mpn": null, "pack": "R_0603_1608Metric", "value": "10K", "mount_type": "smt", "place": true}, {"pos_x": 110.83096, "pos_y": -54.8, "rotation": 180.0, "side": "bottom", "designator": "C10", "mpn": null, "pack": "C_0603_1608Metric", "value": "0.1uF", "mount_type": "smt", "place": true}, {"pos_x": 115.3, "pos_y": -70.475, "rotation": -90.0, "side": "bottom", "designator": "D4", "mpn": null, "pack": "D_PowerDI-123", "value": "DFLS130L-7", "mount_type": "smt", "place": true}, {"pos_x": 96.8, "pos_y": -71.36, "rotation": 180.0, "side": "bottom", "designator": "J1", "mpn": null, "pack": "SAMTEC-FTS-105-01-X-DV-A", "value": "FTS-105-01-X-DV-A", "mount_type": "tht", "place": true}, {"pos_x": 117.9, "pos_y": -70.475, "rotation": 90.0, "side": "bottom", "designator": "D3", "mpn": null, "pack": "D_PowerDI-123", "value": "DFLS130L-7", "mount_type": "smt", "place": true}]