[{"pos_x": 124.200005, "pos_y": -85.200004, "rotation": -90.0, "side": "top", "designator": "H2", "mpn": null, "pack": "MountingHole", "value": "MountingHole_Pad", "mount_type": "tht", "place": false}, {"pos_x": 84.400005, "pos_y": -85.200004, "rotation": -90.0, "side": "top", "designator": "H3", "mpn": null, "pack": "MountingHole", "value": "MountingHole_Pad", "mount_type": "tht", "place": false}, {"pos_x": 120.2, "pos_y": -85.2, "rotation": 0.0, "side": "top", "designator": "REF**", "mpn": null, "pack": "Fiducial_1mm_Mask2mm", "value": "Fiducial_1mm_Mask2mm", "mount_type": "smt", "place": false}, {"pos_x": 120.2, "pos_y": -45.4, "rotation": 0.0, "side": "top", "designator": "REF**", "mpn": null, "pack": "Fiducial_1mm_Mask2mm", "value": "Fiducial_1mm_Mask2mm", "mount_type": "smt", "place": false}, {"pos_x": 88.4, "pos_y": -45.4, "rotation": 0.0, "side": "top", "designator": "REF**", "mpn": null, "pack": "Fiducial_1mm_Mask2mm", "value": "Fiducial_1mm_Mask2mm", "mount_type": "smt", "place": false}, {"pos_x": 85.277665, "pos_y": -55.715644, "rotation": -90.0, "side": "top", "designator": "J2", "mpn": null, "pack": "SAMTEC-FTS-107-01-X-DV-A", "value": "FTS-107-01-X-DV-A", "mount_type": "tht", "place": true}, {"pos_x": 84.400005, "pos_y": -45.400004, "rotation": -90.0, "side": "top", "designator": "H4", "mpn": null, "pack": "MountingHole", "value": "MountingHole_Pad", "mount_type": "tht", "place": false}, {"pos_x": 124.200005, "pos_y": -45.400004, "rotation": -90.0, "side": "top", "designator": "H1", "mpn": null, "pack": "MountingHole", "value": "MountingHole_Pad", "mount_type": "tht", "place": false}, {"pos_x": 105.0, "pos_y": -44.8, "rotation": 0.0, "side": "top", "designator": "Ref**", "mpn": null, "pack": "pycubed_mini_half", "value": "Val**", "mount_type": "smt", "place": false}, {"pos_x": 110.9775, "pos_y": -61.225, "rotation": 180.0, "side": "bottom", "designator": "R10", "mpn": null, "pack": "R_0603_1608Metric", "value": "10K", "mount_type": "smt", "place": true}, {"pos_x": 107.925, "pos_y": -64.385, "rotation": 0.0, "side": "bottom", "designator": "Q1", "mpn": null, "pack": "SOT-363_SC-70-6", "value": "NX3008NBKS", "mount_type": "smt", "place": true}, {"pos_x": 120.2, "pos_y": -85.2, "rotation": 180.0, "side": "bottom", "designator": "REF**", "mpn": null, "pack": "Fiducial_1mm_Mask2mm", "value": "Fiducial_1mm_Mask2mm", "mount_type": "smt", "place": false}, {"pos_x": 85.127805, "pos_y": -68.816964, "rotation": -90.0, "side": "bottom", "designator": "J1", "mpn": null, "pack": "SAMTEC_SFC-110-T2-X-D-A", "value": "SFC-110-T2-X-D-A", "mount_type": "tht", "place": true}, {"pos_x": 105.55, "pos_y": -59.095, "rotation": -90.0, "side": "bottom", "designator": "R13", "mpn": null, "pack": "R_0603_1608Metric", "value": "DNI (0R)", "mount_type": "smt", "place": true}, {"pos_x": 110.9775, "pos_y": -59.765, "rotation": 180.0, "side": "bottom", "designator": "R7", "mpn": null, "pack": "R_0603_1608Metric", "value": "680R", "mount_type": "smt", "place": true}, {"pos_x": 107.8825, "pos_y": -58.855, "rotation": 0.0, "side": "bottom", "designator": "Q4", "mpn": null, "pack": "SOT-363_SC-70-6", "value": "MBT2222ADW1T1", "mount_type": "smt", "place": true}, {"pos_x": 111.005, "pos_y": -68.095, "rotation": 180.0, "side": "bottom", "designator": "R2", "mpn": null, "pack": "R_0603_1608Metric", "value": "680R", "mount_type": "smt", "place": true}, {"pos_x": 98.95869, "pos_y": -61.33, "rotation": 180.0, "side": "bottom", "designator": "U1", "mpn": null, "pack": "SOIC-8_3.9x4.9mm_P1.27mm", "value": "INA219BxD", "mount_type": "smt", "place": true}, {"pos_x": 110.9775, "pos_y": -58.305, "rotation": 180.0, "side": "bottom", "designator": "R11", "mpn": null, "pack": "R_0603_1608Metric", "value": "200K", "mount_type": "smt", "place": true}, {"pos_x": 97.255, "pos_y": -65.05, "rotation": 0.0, "side": "bottom", "designator": "C3", "mpn": null, "pack": "C_0603_1608Metric", "value": "0.1uF", "mount_type": "smt", "place": true}, {"pos_x": 105.55, "pos_y": -56.135, "rotation": -90.0, "side": "bottom", "designator": "R8", "mpn": null, "pack": "R_0603_1608Metric", "value": "100K", "mount_type": "smt", "place": true}, {"pos_x": 111.005, "pos_y": -66.635, "rotation": 180.0, "side": "bottom", "designator": "R6", "mpn": null, "pack": "R_0603_1608Metric", "value": "200K", "mount_type": "smt", "place": true}, {"pos_x": 110.9775, "pos_y": -55.385, "rotation": 0.0, "side": "bottom", "designator": "C2", "mpn": null, "pack": "C_0603_1608Metric", "value": "10nF", "mount_type": "smt", "place": true}, {"pos_x": 111.005, "pos_y": -65.175, "rotation": 180.0, "side": "bottom", "designator": "R4", "mpn": null, "pack": "R_0603_1608Metric", "value": "10K", "mount_type": "smt", "place": true}, {"pos_x": 111.005, "pos_y": -69.555, "rotation": 180.0, "side": "bottom", "designator": "R5", "mpn": null, "pack": "R_0603_1608Metric", "value": "10K", "mount_type": "smt", "place": true}, {"pos_x": 111.005, "pos_y": -63.715, "rotation": 0.0, "side": "bottom", "designator": "C1", "mpn": null, "pack": "C_0603_1608Metric", "value": "10nF", "mount_type": "smt", "place": true}, {"pos_x": 92.64619, "pos_y": -60.04, "rotation": -90.0, "side": "bottom", "designator": "R1", "mpn": null, "pack": "R_2512_CurrentSense", "value": "0.04R", "mount_type": "smt", "place": true}, {"pos_x": 105.595, "pos_y": -64.465, "rotation": -90.0, "side": "bottom", "designator": "R3", "mpn": null, "pack": "R_0603_1608Metric", "value": "100K", "mount_type": "smt", "place": true}, {"pos_x": 107.925, "pos_y": -67.185, "rotation": 0.0, "side": "bottom", "designator": "Q2", "mpn": null, "pack": "SOT-363_SC-70-6", "value": "MBT2222ADW1T1", "mount_type": "smt", "place": true}, {"pos_x": 120.2, "pos_y": -45.4, "rotation": 180.0, "side": "bottom", "designator": "REF**", "mpn": null, "pack": "Fiducial_1mm_Mask2mm", "value": "Fiducial_1mm_Mask2mm", "mount_type": "smt", "place": false}, {"pos_x": 107.8825, "pos_y": -56.055, "rotation": 0.0, "side": "bottom", "designator": "Q3", "mpn": null, "pack": "SOT-363_SC-70-6", "value": "NX3008NBKS", "mount_type": "smt", "place": true}, {"pos_x": 105.595, "pos_y": -67.425, "rotation": -90.0, "side": "bottom", "designator": "R12", "mpn": null, "pack": "R_0603_1608Metric", "value": "DNI (0R)", "mount_type": "smt", "place": true}, {"pos_x": 110.9775, "pos_y": -56.845, "rotation": 180.0, "side": "bottom", "designator": "R9", "mpn": null, "pack": "R_0603_1608Metric", "value": "10K", "mount_type": "smt", "place": true}, {"pos_x": 88.4, "pos_y": -45.4, "rotation": 180.0, "side": "bottom", "designator": "REF**", "mpn": null, "pack": "Fiducial_1mm_Mask2mm", "value": "Fiducial_1mm_Mask2mm", "mount_type": "smt", "place": false}]