[{"pos_x": 127.41541, "pos_y": -72.57514, "rotation": 180.0, "side": "top", "designator": "SC5", "mpn": null, "pack": "KXOB25-05X3F", "value": "SolarCell_Small", "mount_type": "smt", "place": true}, {"pos_x": 127.41541, "pos_y": -64.32514, "rotation": 180.0, "side": "top", "designator": "SC6", "mpn": null, "pack": "KXOB25-05X3F", "value": "SolarCell_Small", "mount_type": "smt", "place": true}, {"pos_x": 127.41541, "pos_y": -47.82514, "rotation": 180.0, "side": "top", "designator": "SC8", "mpn": null, "pack": "KXOB25-05X3F", "value": "SolarCell_Small", "mount_type": "smt", "place": true}, {"pos_x": 102.79519, "pos_y": -56.07514, "rotation": 180.0, "side": "top", "designator": "SC3", "mpn": null, "pack": "KXOB25-05X3F", "value": "SolarCell_Small", "mount_type": "smt", "place": true}, {"pos_x": 102.79519, "pos_y": -47.82514, "rotation": 180.0, "side": "top", "designator": "SC4", "mpn": null, "pack": "KXOB25-05X3F", "value": "SolarCell_Small", "mount_type": "smt", "place": true}, {"pos_x": 102.79519, "pos_y": -72.57514, "rotation": 180.0, "side": "top", "designator": "SC1", "mpn": null, "pack": "KXOB25-05X3F", "value": "SolarCell_Small", "mount_type": "smt", "place": true}, {"pos_x": 102.79519, "pos_y": -64.32514, "rotation": 180.0, "side": "top", "designator": "SC2", "mpn": null, "pack": "KXOB25-05X3F", "value": "SolarCell_Small", "mount_type": "smt", "place": true}, {"pos_x": 108.03, "pos_y": -40.3, "rotation": 90.0, "side": "top", "designator": "C1", "mpn": null, "pack": "C_0402_1005Metric", "value": "0.1uF", "mount_type": "smt", "place": true}, {"pos_x": 107.1, "pos_y": -40.81, "rotation": 90.0, "side": "top", "designator": "R1", "mpn": null, "pack": "R_0402_1005Metric", "value": "0R", "mount_type": "smt", "place": true}, {"pos_x": 107.1, "pos_y": -39.79, "rotation": 90.0, "side": "top", "designator": "R2", "mpn": null, "pack": "R_0402_1005Metric", "value": "0R", "mount_type": "smt", "place": true}, {"pos_x": 127.41541, "pos_y": -56.07514, "rotation": 180.0, "side": "top", "designator": "SC7", "mpn": null, "pack": "KXOB25-05X3F", "value": "SolarCell_Small", "mount_type": "smt", "place": true}, {"pos_x": 91.2, "pos_y": -80.1, "rotation": -90.0, "side": "top", "designator": "H3", "mpn": null, "pack": "MountingHole_2.2mm_M2_DIN965_Pad_TopBottom", "value": "MountingHole", "mount_type": "tht", "place": false}, {"pos_x": 121.655, "pos_y": -81.6271, "rotation": 0.0, "side": "top", "designator": "Ref**", "mpn": null, "pack": "ypanel", "value": "Val**", "mount_type": "tht", "place": false}, {"pos_x": 104.6, "pos_y": -40.3, "rotation": 180.0, "side": "top", "designator": "U2", "mpn": null, "pack": "OPT3001", "value": "OPT3001", "mount_type": "smt", "place": true}, {"pos_x": 81.6, "pos_y": -83.2, "rotation": 180.0, "side": "top", "designator": "REF**", "mpn": null, "pack": "Fiducial_1mm_Mask2mm", "value": "Fiducial_1mm_Mask2mm", "mount_type": "smt", "place": false}, {"pos_x": 81.6, "pos_y": -37.2, "rotation": 180.0, "side": "top", "designator": "REF**", "mpn": null, "pack": "Fiducial_1mm_Mask2mm", "value": "Fiducial_1mm_Mask2mm", "mount_type": "smt", "place": false}, {"pos_x": 127.6, "pos_y": -37.2, "rotation": 180.0, "side": "top", "designator": "REF**", "mpn": null, "pack": "Fiducial_1mm_Mask2mm", "value": "Fiducial_1mm_Mask2mm", "mount_type": "smt", "place": false}, {"pos_x": 118.0, "pos_y": -40.3, "rotation": -90.0, "side": "top", "designator": "H1", "mpn": null, "pack": "MountingHole_2.2mm_M2_DIN965_Pad_TopBottom", "value": "MountingHole", "mount_type": "tht", "place": false}, {"pos_x": 96.2, "pos_y": -40.3, "rotation": -90.0, "side": "top", "designator": "H2", "mpn": null, "pack": "MountingHole_2.2mm_M2_DIN965_Pad_TopBottom", "value": "MountingHole", "mount_type": "tht", "place": false}, {"pos_x": 113.000002, "pos_y": -80.1, "rotation": -90.0, "side": "top", "designator": "H4", "mpn": null, "pack": "MountingHole_2.2mm_M2_DIN965_Pad_TopBottom", "value": "MountingHole", "mount_type": "tht", "place": false}, {"pos_x": 105.433916, "pos_y": -48.952854, "rotation": 180.0, "side": "bottom", "designator": "R12", "mpn": null, "pack": "R_0603_1608Metric", "value": "0R", "mount_type": "smt", "place": true}, {"pos_x": 105.433916, "pos_y": -47.49, "rotation": 180.0, "side": "bottom", "designator": "R17", "mpn": null, "pack": "R_0603_1608Metric", "value": "0R", "mount_type": "smt", "place": true}, {"pos_x": 103.783108, "pos_y": -48.952854, "rotation": 180.0, "side": "bottom", "designator": "R13", "mpn": null, "pack": "R_0603_1608Metric", "value": "0R", "mount_type": "smt", "place": true}, {"pos_x": 103.783108, "pos_y": -47.49, "rotation": 180.0, "side": "bottom", "designator": "R18", "mpn": null, "pack": "R_0603_1608Metric", "value": "0R", "mount_type": "smt", "place": true}, {"pos_x": 108.885, "pos_y": -64.395, "rotation": 180.0, "side": "bottom", "designator": "C3", "mpn": null, "pack": "C_0603_1608Metric", "value": "4.7uF", "mount_type": "smt", "place": true}, {"pos_x": 119.69, "pos_y": -62.055, "rotation": 90.0, "side": "bottom", "designator": "C6", "mpn": null, "pack": "C_0603_1608Metric", "value": "1uF", "mount_type": "smt", "place": true}, {"pos_x": 108.86543, "pos_y": -69.396344, "rotation": 0.0, "side": "bottom", "designator": "L1", "mpn": null, "pack": "LPS4018", "value": "22uH-LPS4018-223MR", "mount_type": "smt", "place": true}, {"pos_x": 108.885, "pos_y": -62.935, "rotation": 180.0, "side": "bottom", "designator": "R14", "mpn": null, "pack": "R_0603_1608Metric", "value": "DNI (0R)", "mount_type": "smt", "place": true}, {"pos_x": 117.435, "pos_y": -62.835, "rotation": 0.0, "side": "bottom", "designator": "R4", "mpn": null, "pack": "R_0603_1608Metric", "value": "0R", "mount_type": "smt", "place": true}, {"pos_x": 108.885, "pos_y": -61.475, "rotation": 180.0, "side": "bottom", "designator": "C4", "mpn": null, "pack": "C_0603_1608Metric", "value": "10nF", "mount_type": "smt", "place": true}, {"pos_x": 112.305, "pos_y": -59.165, "rotation": -90.0, "side": "bottom", "designator": "R7", "mpn": null, "pack": "R_0603_1608Metric", "value": "374K", "mount_type": "smt", "place": true}, {"pos_x": 115.225, "pos_y": -59.165, "rotation": -90.0, "side": "bottom", "designator": "R9", "mpn": null, "pack": "R_0603_1608Metric", "value": "4.53M", "mount_type": "smt", "place": true}, {"pos_x": 107.405, "pos_y": -72.785, "rotation": 0.0, "side": "bottom", "designator": "R15", "mpn": null, "pack": "R_0603_1608Metric", "value": "DNI (0R)", "mount_type": "smt", "place": true}, {"pos_x": 113.765, "pos_y": -59.165, "rotation": -90.0, "side": "bottom", "designator": "R8", "mpn": null, "pack": "R_0603_1608Metric", "value": "8.25M", "mount_type": "smt", "place": true}, {"pos_x": 109.385, "pos_y": -59.165, "rotation": 90.0, "side": "bottom", "designator": "R6", "mpn": null, "pack": "R_0603_1608Metric", "value": "5.62M", "mount_type": "smt", "place": true}, {"pos_x": 113.165, "pos_y": -63.425, "rotation": 0.0, "side": "bottom", "designator": "U1", "mpn": null, "pack": "QFN50P350X350X100-21N-D", "value": "BQ25570RGRR", "mount_type": "smt", "place": true}, {"pos_x": 113.4, "pos_y": -67.5, "rotation": 0.0, "side": "bottom", "designator": "C5", "mpn": null, "pack": "C_0805_2012Metric", "value": "100uF", "mount_type": "smt", "place": true}, {"pos_x": 110.36698, "pos_y": -72.785, "rotation": 180.0, "side": "bottom", "designator": "R16", "mpn": null, "pack": "R_0603_1608Metric", "value": "0R", "mount_type": "smt", "place": true}, {"pos_x": 110.845, "pos_y": -59.165, "rotation": 90.0, "side": "bottom", "designator": "R5", "mpn": null, "pack": "R_0603_1608Metric", "value": "7.32M", "mount_type": "smt", "place": true}, {"pos_x": 117.435, "pos_y": -59.915, "rotation": 180.0, "side": "bottom", "designator": "R10", "mpn": null, "pack": "R_0603_1608Metric", "value": "8.25M", "mount_type": "smt", "place": true}, {"pos_x": 117.435, "pos_y": -61.375, "rotation": 180.0, "side": "bottom", "designator": "R11", "mpn": null, "pack": "R_0603_1608Metric", "value": "4.75M", "mount_type": "smt", "place": true}, {"pos_x": 117.46698, "pos_y": -69.396344, "rotation": 0.0, "side": "bottom", "designator": "L2", "mpn": null, "pack": "LPS4018", "value": "10uH-LPS4018-103MR", "mount_type": "smt", "place": true}, {"pos_x": 110.0, "pos_y": -81.56, "rotation": -90.0, "side": "bottom", "designator": "TP1", "mpn": null, "pack": "TestPoint_THTPad_D1.0mm_Drill0.5mm", "value": "TP", "mount_type": "tht", "place": false}, {"pos_x": 94.17, "pos_y": -81.56, "rotation": -90.0, "side": "bottom", "designator": "TP2", "mpn": null, "pack": "TestPoint_THTPad_D1.0mm_Drill0.5mm", "value": "TP", "mount_type": "tht", "place": false}, {"pos_x": 116.01, "pos_y": -81.56, "rotation": -90.0, "side": "bottom", "designator": "TP3", "mpn": null, "pack": "TestPoint_THTPad_D1.0mm_Drill0.5mm", "value": "TP", "mount_type": "tht", "place": false}, {"pos_x": 88.23, "pos_y": -81.56, "rotation": -90.0, "side": "bottom", "designator": "TP4", "mpn": null, "pack": "TestPoint_THTPad_D1.0mm_Drill0.5mm", "value": "TP", "mount_type": "tht", "place": false}, {"pos_x": 119.5, "pos_y": -64.3, "rotation": 0.0, "side": "bottom", "designator": "C8", "mpn": null, "pack": "C_0603_1608Metric", "value": "22uF", "mount_type": "smt", "place": true}, {"pos_x": 94.69, "pos_y": -59.575, "rotation": 180.0, "side": "bottom", "designator": "Q4", "mpn": null, "pack": "SOT-363_SC-70-6", "value": "MBT2222ADW1T1", "mount_type": "smt", "place": true}, {"pos_x": 97.02, "pos_y": -51.64, "rotation": 90.0, "side": "bottom", "designator": "R19", "mpn": null, "pack": "R_0603_1608Metric", "value": "DNI (0R)", "mount_type": "smt", "place": true}, {"pos_x": 104.6, "pos_y": -63.94, "rotation": 90.0, "side": "bottom", "designator": "D4", "mpn": null, "pack": "D_PowerDI-123", "value": "DFLS130L-7", "mount_type": "smt", "place": true}, {"pos_x": 91.61, "pos_y": -61.585, "rotation": 0.0, "side": "bottom", "designator": "R28", "mpn": null, "pack": "R_0603_1608Metric", "value": "10K", "mount_type": "smt", "place": true}, {"pos_x": 113.4, "pos_y": -71.1, "rotation": 0.0, "side": "bottom", "designator": "C9", "mpn": null, "pack": "C_0603_1608Metric", "value": "0.1uF", "mount_type": "smt", "place": true}, {"pos_x": 104.6, "pos_y": -69.24, "rotation": 90.0, "side": "bottom", "designator": "D2", "mpn": null, "pack": "D_PowerDI-123", "value": "DFLS130L-7", "mount_type": "smt", "place": true}, {"pos_x": 91.61, "pos_y": -49.51, "rotation": 0.0, "side": "bottom", "designator": "R24", "mpn": null, "pack": "R_0603_1608Metric", "value": "10K", "mount_type": "smt", "place": true}, {"pos_x": 119.5, "pos_y": -65.76, "rotation": 0.0, "side": "bottom", "designator": "C10", "mpn": null, "pack": "C_0603_1608Metric", "value": "0.1uF", "mount_type": "smt", "place": true}, {"pos_x": 97.02, "pos_y": -62.3, "rotation": 90.0, "side": "bottom", "designator": "R27", "mpn": null, "pack": "R_0603_1608Metric", "value": "100K", "mount_type": "smt", "place": true}, {"pos_x": 94.69, "pos_y": -54.68, "rotation": 180.0, "side": "bottom", "designator": "Q1", "mpn": null, "pack": "SOT-363_SC-70-6", "value": "NX3008NBKS", "mount_type": "smt", "place": true}, {"pos_x": 91.61, "pos_y": -63.045, "rotation": 180.0, "side": "bottom", "designator": "C13", "mpn": null, "pack": "C_0603_1608Metric", "value": "10nF", "mount_type": "smt", "place": true}, {"pos_x": 109.5, "pos_y": -54.1, "rotation": -90.0, "side": "bottom", "designator": "R3", "mpn": null, "pack": "R_0603_1608Metric", "value": "0R", "mount_type": "smt", "place": true}, {"pos_x": 108.655, "pos_y": -65.825, "rotation": 0.0, "side": "bottom", "designator": "D1", "mpn": null, "pack": "D_SOD-523", "value": "SZMM5Z5V1T1G", "mount_type": "smt", "place": true}, {"pos_x": 91.61, "pos_y": -60.125, "rotation": 0.0, "side": "bottom", "designator": "R30", "mpn": null, "pack": "R_0603_1608Metric", "value": "200K", "mount_type": "smt", "place": true}, {"pos_x": 113.4, "pos_y": -69.445, "rotation": 0.0, "side": "bottom", "designator": "C7", "mpn": null, "pack": "C_0603_1608Metric", "value": "4.7uF", "mount_type": "smt", "place": true}, {"pos_x": 94.69, "pos_y": -51.88, "rotation": 180.0, "side": "bottom", "designator": "Q2", "mpn": null, "pack": "SOT-363_SC-70-6", "value": "MBT2222ADW1T1", "mount_type": "smt", "place": true}, {"pos_x": 91.61, "pos_y": -53.89, "rotation": 0.0, "side": "bottom", "designator": "R23", "mpn": null, "pack": "R_0603_1608Metric", "value": "10K", "mount_type": "smt", "place": true}, {"pos_x": 91.61, "pos_y": -50.97, "rotation": 0.0, "side": "bottom", "designator": "R21", "mpn": null, "pack": "R_0603_1608Metric", "value": "680R", "mount_type": "smt", "place": true}, {"pos_x": 81.6, "pos_y": -83.2, "rotation": 0.0, "side": "bottom", "designator": "REF**", "mpn": null, "pack": "Fiducial_1mm_Mask2mm", "value": "Fiducial_1mm_Mask2mm", "mount_type": "smt", "place": false}, {"pos_x": 117.8, "pos_y": -74.0, "rotation": 180.0, "side": "bottom", "designator": "U3", "mpn": null, "pack": "SOT-23-5", "value": "MAX40200AUK", "mount_type": "smt", "place": true}, {"pos_x": 114.9, "pos_y": -73.8, "rotation": -90.0, "side": "bottom", "designator": "C11", "mpn": null, "pack": "C_0603_1608Metric", "value": "0.1uF", "mount_type": "smt", "place": true}, {"pos_x": 91.61, "pos_y": -52.43, "rotation": 0.0, "side": "bottom", "designator": "R25", "mpn": null, "pack": "R_0603_1608Metric", "value": "200K", "mount_type": "smt", "place": true}, {"pos_x": 91.61, "pos_y": -57.205, "rotation": 0.0, "side": "bottom", "designator": "R29", "mpn": null, "pack": "R_0603_1608Metric", "value": "10K", "mount_type": "smt", "place": true}, {"pos_x": 97.02, "pos_y": -59.34, "rotation": 90.0, "side": "bottom", "designator": "R20", "mpn": null, "pack": "R_0603_1608Metric", "value": "DNI (0R)", "mount_type": "smt", "place": true}, {"pos_x": 81.6, "pos_y": -37.2, "rotation": 0.0, "side": "bottom", "designator": "REF**", "mpn": null, "pack": "Fiducial_1mm_Mask2mm", "value": "Fiducial_1mm_Mask2mm", "mount_type": "smt", "place": false}, {"pos_x": 91.61, "pos_y": -55.35, "rotation": 180.0, "side": "bottom", "designator": "C12", "mpn": null, "pack": "C_0603_1608Metric", "value": "10nF", "mount_type": "smt", "place": true}, {"pos_x": 114.332995, "pos_y": -51.099999, "rotation": -90.0, "side": "bottom", "designator": "J1", "mpn": null, "pack": "SAMTEC-FTS-105-01-X-DV-A", "value": "FTS-105-01-X-DV-A", "mount_type": "tht", "place": true}, {"pos_x": 103.825, "pos_y": -72.74, "rotation": 180.0, "side": "bottom", "designator": "C2", "mpn": null, "pack": "C_0603_1608Metric", "value": "0.1uF", "mount_type": "smt", "place": true}, {"pos_x": 94.69, "pos_y": -62.375, "rotation": 180.0, "side": "bottom", "designator": "Q3", "mpn": null, "pack": "SOT-363_SC-70-6", "value": "NX3008NBKS", "mount_type": "smt", "place": true}, {"pos_x": 97.02, "pos_y": -54.6, "rotation": 90.0, "side": "bottom", "designator": "R22", "mpn": null, "pack": "R_0603_1608Metric", "value": "100K", "mount_type": "smt", "place": true}, {"pos_x": 91.61, "pos_y": -58.665, "rotation": 0.0, "side": "bottom", "designator": "R26", "mpn": null, "pack": "R_0603_1608Metric", "value": "680R", "mount_type": "smt", "place": true}, {"pos_x": 104.7, "pos_y": -39.2, "rotation": 180.0, "side": "bottom", "designator": "Ref**", "mpn": null, "pack": "pycubed_mini_half", "value": "Val**", "mount_type": "tht", "place": false}, {"pos_x": 127.6, "pos_y": -37.2, "rotation": 0.0, "side": "bottom", "designator": "REF**", "mpn": null, "pack": "Fiducial_1mm_Mask2mm", "value": "Fiducial_1mm_Mask2mm", "mount_type": "smt", "place": false}, {"pos_x": 99.9, "pos_y": -69.3, "rotation": 90.0, "side": "bottom", "designator": "D3", "mpn": null, "pack": "D_PowerDI-123", "value": "DFLS130L-7", "mount_type": "smt", "place": true}]